pdb,chain,state_call,resseq,resname,chi1_deg,chi2_deg,chi1_rotamer,note
Amp_MexB_20260826,D,Binding,136,PHE,-59.07,-59.39,g+,
Amp_MexB_20260826,D,Binding,178,PHE,-56.80,-56.22,g+,
Amp_MexB_20260826,D,Binding,327,TYR,178.01,81.76,t,
Amp_MexB_20260826,D,Binding,573,PHE,-63.86,-53.67,g+,
Amp_MexB_20260826,D,Binding,610,PHE,-179.59,-88.47,t,
Amp_MexB_20260826,D,Binding,615,PHE,177.12,74.64,t,
Amp_MexB_20260826,D,Binding,617,PHE,-63.27,-56.34,g+,
Amp_MexB_20260826,D,Binding,626,MET,,,,not aromatic
Amp_MexB_20260826,D,Binding,628,PHE,-64.41,83.71,g+,
Amp_MexB_20260826,D,Binding,664,PHE,177.27,66.27,t,
Amp_MexB_20260826,D,Binding,666,PHE,67.00,-79.34,g-,
Amp_MexB_20260826,E,Binding,136,PHE,-61.82,-76.69,g+,
Amp_MexB_20260826,E,Binding,178,PHE,-59.42,-19.40,g+,
Amp_MexB_20260826,E,Binding,327,TYR,-177.30,67.05,t,
Amp_MexB_20260826,E,Binding,573,PHE,-63.04,-31.60,g+,
Amp_MexB_20260826,E,Binding,610,PHE,-141.18,-61.33,t,
Amp_MexB_20260826,E,Binding,615,PHE,169.66,87.57,t,
Amp_MexB_20260826,E,Binding,617,PHE,-56.22,-36.66,g+,
Amp_MexB_20260826,E,Binding,626,MET,,,,not aromatic
Amp_MexB_20260826,E,Binding,628,PHE,-55.50,88.80,g+,
Amp_MexB_20260826,E,Binding,664,PHE,72.57,-86.82,g-,
Amp_MexB_20260826,E,Binding,666,PHE,63.11,-78.24,g-,
Amp_MexB_20260826,F,Extrusion,136,PHE,-37.93,-64.86,g+,
Amp_MexB_20260826,F,Extrusion,178,PHE,-88.29,-13.72,g+,
Amp_MexB_20260826,F,Extrusion,327,TYR,-177.97,70.74,t,
Amp_MexB_20260826,F,Extrusion,573,PHE,-40.59,-55.46,g+,
Amp_MexB_20260826,F,Extrusion,610,PHE,178.27,-75.88,t,
Amp_MexB_20260826,F,Extrusion,615,PHE,-158.01,73.14,t,
Amp_MexB_20260826,F,Extrusion,617,PHE,-58.98,-53.18,g+,
Amp_MexB_20260826,F,Extrusion,626,MET,,,,not aromatic
Amp_MexB_20260826,F,Extrusion,628,PHE,-78.16,-87.75,g+,
Amp_MexB_20260826,F,Extrusion,664,PHE,-85.85,78.37,g+,
Amp_MexB_20260826,F,Extrusion,666,PHE,43.71,-91.26,g-,
MexB_DDM_3_20260730,D,Access,136,PHE,-61.07,-54.09,g+,
MexB_DDM_3_20260730,D,Access,178,PHE,-61.10,-56.00,g+,
MexB_DDM_3_20260730,D,Access,327,TYR,-179.58,75.45,t,
MexB_DDM_3_20260730,D,Access,573,PHE,-60.31,-61.37,g+,
MexB_DDM_3_20260730,D,Access,610,PHE,-173.23,83.46,t,
MexB_DDM_3_20260730,D,Access,615,PHE,174.16,80.15,t,
MexB_DDM_3_20260730,D,Access,617,PHE,-57.83,-41.60,g+,
MexB_DDM_3_20260730,D,Access,626,MET,,,,not aromatic
MexB_DDM_3_20260730,D,Access,628,PHE,-58.69,79.08,g+,
MexB_DDM_3_20260730,D,Access,664,PHE,-177.62,76.97,t,
MexB_DDM_3_20260730,D,Access,666,PHE,59.53,-77.04,g-,
MexB_DDM_3_20260730,E,Binding,136,PHE,-62.03,-64.92,g+,
MexB_DDM_3_20260730,E,Binding,178,PHE,-55.54,-21.29,g+,
MexB_DDM_3_20260730,E,Binding,327,TYR,-179.06,77.95,t,
MexB_DDM_3_20260730,E,Binding,573,PHE,-61.01,-32.09,g+,
MexB_DDM_3_20260730,E,Binding,610,PHE,-168.24,-75.26,t,
MexB_DDM_3_20260730,E,Binding,615,PHE,171.09,-87.03,t,
MexB_DDM_3_20260730,E,Binding,617,PHE,-58.39,-41.83,g+,
MexB_DDM_3_20260730,E,Binding,626,MET,,,,not aromatic
MexB_DDM_3_20260730,E,Binding,628,PHE,-61.21,85.90,g+,
MexB_DDM_3_20260730,E,Binding,664,PHE,65.67,-91.33,g-,
MexB_DDM_3_20260730,E,Binding,666,PHE,59.57,-78.18,g-,
MexB_DDM_3_20260730,F,Extrusion,136,PHE,-63.22,-68.64,g+,
MexB_DDM_3_20260730,F,Extrusion,178,PHE,-60.15,-55.71,g+,
MexB_DDM_3_20260730,F,Extrusion,327,TYR,-175.45,74.76,t,
MexB_DDM_3_20260730,F,Extrusion,573,PHE,-53.91,-69.26,g+,
MexB_DDM_3_20260730,F,Extrusion,610,PHE,-176.03,91.05,t,
MexB_DDM_3_20260730,F,Extrusion,615,PHE,171.44,-81.83,t,
MexB_DDM_3_20260730,F,Extrusion,617,PHE,-59.98,-48.31,g+,
MexB_DDM_3_20260730,F,Extrusion,626,MET,,,,not aromatic
MexB_DDM_3_20260730,F,Extrusion,628,PHE,-62.72,81.91,g+,
MexB_DDM_3_20260730,F,Extrusion,664,PHE,-64.10,-69.96,g+,
MexB_DDM_3_20260730,F,Extrusion,666,PHE,53.38,-88.94,g-,
21FO,A,Access,136,PHE,-66.48,-52.32,g+,
21FO,A,Access,178,PHE,-60.92,-46.53,g+,
21FO,A,Access,327,TYR,-175.45,75.42,t,
21FO,A,Access,573,PHE,-67.58,-53.47,g+,
21FO,A,Access,610,PHE,-177.99,78.20,t,
21FO,A,Access,615,PHE,170.63,-92.66,t,
21FO,A,Access,617,PHE,-58.78,-40.40,g+,
21FO,A,Access,626,MET,,,,not aromatic
21FO,A,Access,628,PHE,-61.50,80.38,g+,
21FO,A,Access,664,PHE,178.17,66.42,t,
21FO,A,Access,666,PHE,55.70,-67.08,g-,
21FO,B,Binding,136,PHE,-64.25,-65.98,g+,
21FO,B,Binding,178,PHE,-69.89,-16.40,g+,
21FO,B,Binding,327,TYR,-179.93,77.88,t,
21FO,B,Binding,573,PHE,-71.17,-23.15,g+,
21FO,B,Binding,610,PHE,-155.12,-60.36,t,
21FO,B,Binding,615,PHE,171.70,-89.62,t,
21FO,B,Binding,617,PHE,-60.94,-46.29,g+,
21FO,B,Binding,626,MET,,,,not aromatic
21FO,B,Binding,628,PHE,-67.52,84.75,g+,
21FO,B,Binding,664,PHE,-65.59,92.28,g+,
21FO,B,Binding,666,PHE,55.46,-105.07,g-,
21FO,C,Extrusion,136,PHE,-67.46,-64.17,g+,
21FO,C,Extrusion,178,PHE,-56.14,-59.28,g+,
21FO,C,Extrusion,327,TYR,-174.05,71.71,t,
21FO,C,Extrusion,573,PHE,-63.92,-66.09,g+,
21FO,C,Extrusion,610,PHE,-177.35,79.53,t,
21FO,C,Extrusion,615,PHE,176.91,90.00,t,
21FO,C,Extrusion,617,PHE,-67.85,-29.76,g+,
21FO,C,Extrusion,626,MET,,,,not aromatic
21FO,C,Extrusion,628,PHE,-65.75,82.63,g+,
21FO,C,Extrusion,664,PHE,-75.77,-63.79,g+,
21FO,C,Extrusion,666,PHE,52.66,88.16,g-,
21FP,A,Access,136,PHE,-83.38,-32.26,g+,
21FP,A,Access,178,PHE,-65.96,-40.61,g+,
21FP,A,Access,327,TYR,177.64,83.71,t,
21FP,A,Access,573,PHE,-65.25,-63.23,g+,
21FP,A,Access,610,PHE,-169.46,64.62,t,
21FP,A,Access,615,PHE,-178.06,88.24,t,
21FP,A,Access,617,PHE,-69.95,-46.24,g+,
21FP,A,Access,626,MET,,,,not aromatic
21FP,A,Access,628,PHE,-60.82,81.94,g+,
21FP,A,Access,664,PHE,-174.70,81.98,t,
21FP,A,Access,666,PHE,65.80,92.10,g-,
21FP,B,Binding,136,PHE,-43.27,-109.70,g+,
21FP,B,Binding,178,PHE,-67.90,-17.23,g+,
21FP,B,Binding,327,TYR,176.49,-88.16,t,
21FP,B,Binding,573,PHE,-61.03,-14.84,g+,
21FP,B,Binding,610,PHE,-135.72,-37.48,t,
21FP,B,Binding,615,PHE,168.81,-85.88,t,
21FP,B,Binding,617,PHE,-71.70,-68.42,g+,
21FP,B,Binding,626,MET,,,,not aromatic
21FP,B,Binding,628,PHE,-59.66,120.24,g+,
21FP,B,Binding,664,PHE,-73.58,40.75,g+,
21FP,B,Binding,666,PHE,73.66,-47.74,g-,
21FP,C,Extrusion,136,PHE,-57.53,-89.46,g+,
21FP,C,Extrusion,178,PHE,-60.19,-57.43,g+,
21FP,C,Extrusion,327,TYR,-171.83,74.73,t,
21FP,C,Extrusion,573,PHE,-56.91,-63.88,g+,
21FP,C,Extrusion,610,PHE,175.32,82.54,t,
21FP,C,Extrusion,615,PHE,166.81,-88.51,t,
21FP,C,Extrusion,617,PHE,-69.09,-27.49,g+,
21FP,C,Extrusion,626,MET,,,,not aromatic
21FP,C,Extrusion,628,PHE,-70.05,-87.00,g+,
21FP,C,Extrusion,664,PHE,-56.68,-112.19,g+,
21FP,C,Extrusion,666,PHE,54.24,81.96,g-,
2V50,A,Access,136,PHE,-73.79,-44.84,g+,
2V50,A,Access,178,PHE,-59.71,-52.27,g+,
2V50,A,Access,327,TYR,170.98,78.85,t,
2V50,A,Access,573,PHE,-67.70,-51.73,g+,
2V50,A,Access,610,PHE,179.75,83.94,t,
2V50,A,Access,615,PHE,172.43,78.94,t,
2V50,A,Access,617,PHE,-64.09,132.50,g+,
2V50,A,Access,626,MET,,,,not aromatic
2V50,A,Access,628,PHE,-70.40,-90.48,g+,
2V50,A,Access,664,PHE,-177.21,34.24,t,
2V50,A,Access,666,PHE,50.46,-164.52,g-,
2V50,B,Binding,136,PHE,-69.51,-63.11,g+,
2V50,B,Binding,178,PHE,-131.26,118.45,t,
2V50,B,Binding,327,TYR,-174.17,90.35,t,
2V50,B,Binding,573,PHE,-67.84,160.54,g+,
2V50,B,Binding,610,PHE,-163.05,103.49,t,
2V50,B,Binding,615,PHE,163.62,73.34,t,
2V50,B,Binding,617,PHE,-75.74,148.63,g+,
2V50,B,Binding,626,MET,,,,not aromatic
2V50,B,Binding,628,PHE,-56.74,113.55,g+,
2V50,B,Binding,664,PHE,-69.33,116.69,g+,
2V50,B,Binding,666,PHE,59.47,-85.99,g-,
2V50,C,Extrusion,136,PHE,-82.61,120.32,g+,
2V50,C,Extrusion,178,PHE,-70.06,118.71,g+,
2V50,C,Extrusion,327,TYR,-175.94,85.34,t,
2V50,C,Extrusion,573,PHE,-69.25,-79.07,g+,
2V50,C,Extrusion,610,PHE,179.16,95.29,t,
2V50,C,Extrusion,615,PHE,174.57,79.17,t,
2V50,C,Extrusion,617,PHE,-83.14,149.41,g+,
2V50,C,Extrusion,626,MET,,,,not aromatic
2V50,C,Extrusion,628,PHE,-68.47,91.06,g+,
2V50,C,Extrusion,664,PHE,-70.90,99.48,g+,
2V50,C,Extrusion,666,PHE,46.76,-126.30,g-,
2V50,D,Access,136,PHE,-73.69,-46.61,g+,
2V50,D,Access,178,PHE,-59.46,-53.39,g+,
2V50,D,Access,327,TYR,171.22,80.52,t,
2V50,D,Access,573,PHE,-67.07,-52.20,g+,
2V50,D,Access,610,PHE,-179.39,84.45,t,
2V50,D,Access,615,PHE,172.64,78.85,t,
2V50,D,Access,617,PHE,-64.46,133.09,g+,
2V50,D,Access,626,MET,,,,not aromatic
2V50,D,Access,628,PHE,-71.18,-89.14,g+,
2V50,D,Access,664,PHE,-177.51,34.85,t,
2V50,D,Access,666,PHE,50.82,-165.11,g-,
2V50,E,Binding,136,PHE,-68.50,-63.37,g+,
2V50,E,Binding,178,PHE,-130.67,118.47,t,
2V50,E,Binding,327,TYR,-174.47,90.46,t,
2V50,E,Binding,573,PHE,-67.77,160.58,g+,
2V50,E,Binding,610,PHE,-163.59,103.62,t,
2V50,E,Binding,615,PHE,163.52,73.29,t,
2V50,E,Binding,617,PHE,-75.25,147.84,g+,
2V50,E,Binding,626,MET,,,,not aromatic
2V50,E,Binding,628,PHE,-56.90,113.72,g+,
2V50,E,Binding,664,PHE,-69.20,116.43,g+,
2V50,E,Binding,666,PHE,59.38,-85.57,g-,
2V50,F,Extrusion,136,PHE,-82.69,122.14,g+,
2V50,F,Extrusion,178,PHE,-69.89,118.89,g+,
2V50,F,Extrusion,327,TYR,-176.08,84.58,t,
2V50,F,Extrusion,573,PHE,-69.25,-79.84,g+,
2V50,F,Extrusion,610,PHE,178.39,95.38,t,
2V50,F,Extrusion,615,PHE,174.94,79.90,t,
2V50,F,Extrusion,617,PHE,-82.63,148.32,g+,
2V50,F,Extrusion,626,MET,,,,not aromatic
2V50,F,Extrusion,628,PHE,-68.09,90.44,g+,
2V50,F,Extrusion,664,PHE,-70.66,99.37,g+,
2V50,F,Extrusion,666,PHE,46.76,-125.96,g-,
3W9I,A,Access,136,PHE,-70.41,-57.56,g+,
3W9I,A,Access,178,PHE,-65.13,-47.09,g+,
3W9I,A,Access,327,TYR,-179.54,55.84,t,
3W9I,A,Access,573,PHE,-81.10,-70.70,g+,
3W9I,A,Access,610,PHE,169.47,100.45,t,
3W9I,A,Access,615,PHE,170.59,87.35,t,
3W9I,A,Access,617,PHE,-66.58,-43.32,g+,
3W9I,A,Access,626,MET,,,,not aromatic
3W9I,A,Access,628,PHE,-80.72,-83.12,g+,
3W9I,A,Access,664,PHE,168.30,52.45,t,
3W9I,A,Access,666,PHE,59.17,97.59,g-,
3W9I,B,Binding,136,PHE,-68.06,-65.01,g+,
3W9I,B,Binding,178,PHE,-54.36,140.03,g+,
3W9I,B,Binding,327,TYR,177.12,74.35,t,
3W9I,B,Binding,573,PHE,-54.29,-37.63,g+,
3W9I,B,Binding,610,PHE,-152.89,124.13,t,
3W9I,B,Binding,615,PHE,-177.04,78.68,t,
3W9I,B,Binding,617,PHE,-84.98,-4.35,g+,
3W9I,B,Binding,626,MET,,,,not aromatic
3W9I,B,Binding,628,PHE,-63.34,-72.50,g+,
3W9I,B,Binding,664,PHE,-68.06,84.83,g+,
3W9I,B,Binding,666,PHE,55.15,84.43,g-,
3W9I,C,Extrusion,136,PHE,-69.84,-77.28,g+,
3W9I,C,Extrusion,178,PHE,-68.03,-64.08,g+,
3W9I,C,Extrusion,327,TYR,-164.61,57.18,t,
3W9I,C,Extrusion,573,PHE,-60.42,-66.69,g+,
3W9I,C,Extrusion,610,PHE,-179.43,86.57,t,
3W9I,C,Extrusion,615,PHE,-165.53,116.30,t,
3W9I,C,Extrusion,617,PHE,-77.00,-23.80,g+,
3W9I,C,Extrusion,626,MET,,,,not aromatic
3W9I,C,Extrusion,628,PHE,-64.90,-81.31,g+,
3W9I,C,Extrusion,664,PHE,-65.32,-82.96,g+,
3W9I,C,Extrusion,666,PHE,51.23,66.82,g-,
3W9I,D,Access,136,PHE,-82.76,-66.90,g+,
3W9I,D,Access,178,PHE,-71.41,-52.34,g+,
3W9I,D,Access,327,TYR,-175.14,78.43,t,
3W9I,D,Access,573,PHE,-59.27,-57.38,g+,
3W9I,D,Access,610,PHE,-172.20,83.85,t,
3W9I,D,Access,615,PHE,178.10,75.68,t,
3W9I,D,Access,617,PHE,-62.97,-30.56,g+,
3W9I,D,Access,626,MET,,,,not aromatic
3W9I,D,Access,628,PHE,-69.62,-67.55,g+,
3W9I,D,Access,664,PHE,-135.58,62.07,t,
3W9I,D,Access,666,PHE,70.61,77.34,g-,
3W9I,E,Binding,136,PHE,-60.91,-83.73,g+,
3W9I,E,Binding,178,PHE,-64.62,-45.89,g+,
3W9I,E,Binding,327,TYR,-171.70,62.53,t,
3W9I,E,Binding,573,PHE,-62.42,-31.11,g+,
3W9I,E,Binding,610,PHE,-146.15,85.80,t,
3W9I,E,Binding,615,PHE,165.54,57.16,t,
3W9I,E,Binding,617,PHE,-64.07,-44.25,g+,
3W9I,E,Binding,626,MET,,,,not aromatic
3W9I,E,Binding,628,PHE,-65.92,-66.85,g+,
3W9I,E,Binding,664,PHE,-71.10,65.86,g+,
3W9I,E,Binding,666,PHE,42.70,48.58,g-,
3W9I,F,Extrusion,136,PHE,-63.58,-63.29,g+,
3W9I,F,Extrusion,178,PHE,-62.83,-69.91,g+,
3W9I,F,Extrusion,327,TYR,-167.64,56.86,t,
3W9I,F,Extrusion,573,PHE,-71.62,-62.17,g+,
3W9I,F,Extrusion,610,PHE,-174.04,89.42,t,
3W9I,F,Extrusion,615,PHE,171.21,78.74,t,
3W9I,F,Extrusion,617,PHE,-61.66,-32.78,g+,
3W9I,F,Extrusion,626,MET,,,,not aromatic
3W9I,F,Extrusion,628,PHE,-66.07,-74.39,g+,
3W9I,F,Extrusion,664,PHE,-74.72,-74.88,g+,
3W9I,F,Extrusion,666,PHE,53.34,67.33,g-,
3W9J,A,Access,136,PHE,-74.72,-30.64,g+,
3W9J,A,Access,178,PHE,-65.86,-47.51,g+,
3W9J,A,Access,327,TYR,-177.36,76.75,t,
3W9J,A,Access,573,PHE,-61.31,-65.07,g+,
3W9J,A,Access,610,PHE,177.88,91.82,t,
3W9J,A,Access,615,PHE,170.30,84.79,t,
3W9J,A,Access,617,PHE,-65.38,-48.16,g+,
3W9J,A,Access,626,MET,,,,not aromatic
3W9J,A,Access,628,PHE,-63.58,-85.64,g+,
3W9J,A,Access,664,PHE,-177.90,104.60,t,
3W9J,A,Access,666,PHE,63.48,116.61,g-,
3W9J,B,Binding,136,PHE,-73.71,-58.51,g+,
3W9J,B,Binding,178,PHE,-51.12,-36.06,g+,
3W9J,B,Binding,327,TYR,174.52,74.54,t,
3W9J,B,Binding,573,PHE,-63.74,-43.48,g+,
3W9J,B,Binding,610,PHE,-137.46,139.56,t,
3W9J,B,Binding,615,PHE,157.65,65.08,t,
3W9J,B,Binding,617,PHE,-62.84,-37.56,g+,
3W9J,B,Binding,626,MET,,,,not aromatic
3W9J,B,Binding,628,PHE,-47.74,-123.10,g+,
3W9J,B,Binding,664,PHE,-98.03,60.11,g+,
3W9J,B,Binding,666,PHE,60.61,96.48,g-,
3W9J,C,Extrusion,136,PHE,-70.39,-92.00,g+,
3W9J,C,Extrusion,178,PHE,-54.72,-79.79,g+,
3W9J,C,Extrusion,327,TYR,-173.90,94.64,t,
3W9J,C,Extrusion,573,PHE,-55.53,-69.30,g+,
3W9J,C,Extrusion,610,PHE,-175.39,92.82,t,
3W9J,C,Extrusion,615,PHE,169.99,69.28,t,
3W9J,C,Extrusion,617,PHE,-65.28,-40.97,g+,
3W9J,C,Extrusion,626,MET,,,,not aromatic
3W9J,C,Extrusion,628,PHE,-73.40,-78.02,g+,
3W9J,C,Extrusion,664,PHE,-61.65,-81.80,g+,
3W9J,C,Extrusion,666,PHE,56.79,49.64,g-,
3W9J,D,Access,136,PHE,-63.70,-59.03,g+,
3W9J,D,Access,178,PHE,-57.54,-53.34,g+,
3W9J,D,Access,327,TYR,-173.09,68.12,t,
3W9J,D,Access,573,PHE,-66.90,-43.19,g+,
3W9J,D,Access,610,PHE,-169.51,79.87,t,
3W9J,D,Access,615,PHE,-179.85,74.14,t,
3W9J,D,Access,617,PHE,-79.62,-63.37,g+,
3W9J,D,Access,626,MET,,,,not aromatic
3W9J,D,Access,628,PHE,-68.91,-77.43,g+,
3W9J,D,Access,664,PHE,-169.32,94.44,t,
3W9J,D,Access,666,PHE,59.44,113.72,g-,
3W9J,E,Binding,136,PHE,-70.52,-75.07,g+,
3W9J,E,Binding,178,PHE,-54.54,-38.16,g+,
3W9J,E,Binding,327,TYR,176.54,82.56,t,
3W9J,E,Binding,573,PHE,-65.53,-25.43,g+,
3W9J,E,Binding,610,PHE,-129.79,114.31,t,
3W9J,E,Binding,615,PHE,160.08,56.44,t,
3W9J,E,Binding,617,PHE,-66.86,-26.24,g+,
3W9J,E,Binding,626,MET,,,,not aromatic
3W9J,E,Binding,628,PHE,-62.40,-89.73,g+,
3W9J,E,Binding,664,PHE,-104.97,98.77,g+,
3W9J,E,Binding,666,PHE,59.38,93.31,g-,
3W9J,F,Extrusion,136,PHE,-66.23,-72.71,g+,
3W9J,F,Extrusion,178,PHE,-52.71,-67.30,g+,
3W9J,F,Extrusion,327,TYR,-171.75,77.46,t,
3W9J,F,Extrusion,573,PHE,-70.01,-61.11,g+,
3W9J,F,Extrusion,610,PHE,-179.98,92.85,t,
3W9J,F,Extrusion,615,PHE,170.64,79.64,t,
3W9J,F,Extrusion,617,PHE,-79.47,-59.48,g+,
3W9J,F,Extrusion,626,MET,,,,not aromatic
3W9J,F,Extrusion,628,PHE,-70.87,-86.07,g+,
3W9J,F,Extrusion,664,PHE,-62.58,-87.75,g+,
3W9J,F,Extrusion,666,PHE,55.63,48.49,g-,
6IIA,A,Access,136,PHE,-60.84,-57.57,g+,
6IIA,A,Access,178,PHE,-59.08,-53.24,g+,
6IIA,A,Access,327,TYR,-170.31,54.68,t,
6IIA,A,Access,573,PHE,-77.96,-71.57,g+,
6IIA,A,Access,610,PHE,174.47,94.37,t,
6IIA,A,Access,615,PHE,167.19,81.75,t,
6IIA,A,Access,617,PHE,-65.44,-47.97,g+,
6IIA,A,Access,626,MET,,,,not aromatic
6IIA,A,Access,628,PHE,-78.15,-90.22,g+,
6IIA,A,Access,664,PHE,170.61,53.62,t,
6IIA,A,Access,666,PHE,64.86,98.75,g-,
6IIA,B,Binding,136,PHE,-68.18,-75.06,g+,
6IIA,B,Binding,178,PHE,-44.75,139.05,g+,
6IIA,B,Binding,327,TYR,175.76,77.22,t,
6IIA,B,Binding,573,PHE,-60.47,-40.17,g+,
6IIA,B,Binding,610,PHE,-143.76,126.83,t,
6IIA,B,Binding,615,PHE,179.23,75.19,t,
6IIA,B,Binding,617,PHE,-84.40,-35.74,g+,
6IIA,B,Binding,626,MET,,,,not aromatic
6IIA,B,Binding,628,PHE,-59.66,-88.32,g+,
6IIA,B,Binding,664,PHE,-68.09,85.18,g+,
6IIA,B,Binding,666,PHE,53.66,97.67,g-,
6IIA,C,Extrusion,136,PHE,-63.33,-78.65,g+,
6IIA,C,Extrusion,178,PHE,-67.17,-61.19,g+,
6IIA,C,Extrusion,327,TYR,-162.56,64.60,t,
6IIA,C,Extrusion,573,PHE,-65.40,-64.70,g+,
6IIA,C,Extrusion,610,PHE,-174.75,93.42,t,
6IIA,C,Extrusion,615,PHE,-171.64,97.68,t,
6IIA,C,Extrusion,617,PHE,-68.58,-25.47,g+,
6IIA,C,Extrusion,626,MET,,,,not aromatic
6IIA,C,Extrusion,628,PHE,-61.56,-91.48,g+,
6IIA,C,Extrusion,664,PHE,-67.02,-85.38,g+,
6IIA,C,Extrusion,666,PHE,55.43,67.69,g-,
6IIA,D,Access,136,PHE,-72.36,-66.52,g+,
6IIA,D,Access,178,PHE,-66.17,-55.36,g+,
6IIA,D,Access,327,TYR,-179.26,82.05,t,
6IIA,D,Access,573,PHE,-62.70,-57.66,g+,
6IIA,D,Access,610,PHE,-173.01,88.58,t,
6IIA,D,Access,615,PHE,173.62,70.69,t,
6IIA,D,Access,617,PHE,-52.50,-30.97,g+,
6IIA,D,Access,626,MET,,,,not aromatic
6IIA,D,Access,628,PHE,-67.05,-78.16,g+,
6IIA,D,Access,664,PHE,-139.45,73.19,t,
6IIA,D,Access,666,PHE,68.83,82.99,g-,
6IIA,E,Binding,136,PHE,-68.37,-71.46,g+,
6IIA,E,Binding,178,PHE,-46.77,-35.63,g+,
6IIA,E,Binding,327,TYR,-169.77,55.82,t,
6IIA,E,Binding,573,PHE,-62.88,-27.87,g+,
6IIA,E,Binding,610,PHE,-144.53,102.37,t,
6IIA,E,Binding,615,PHE,171.86,69.11,t,
6IIA,E,Binding,617,PHE,-58.93,-49.07,g+,
6IIA,E,Binding,626,MET,,,,not aromatic
6IIA,E,Binding,628,PHE,-66.16,-78.69,g+,
6IIA,E,Binding,664,PHE,-63.42,81.91,g+,
6IIA,E,Binding,666,PHE,40.87,61.02,g-,
6IIA,F,Extrusion,136,PHE,-67.79,-65.77,g+,
6IIA,F,Extrusion,178,PHE,-61.21,-67.95,g+,
6IIA,F,Extrusion,327,TYR,-166.04,66.89,t,
6IIA,F,Extrusion,573,PHE,-70.86,-66.54,g+,
6IIA,F,Extrusion,610,PHE,178.84,89.12,t,
6IIA,F,Extrusion,615,PHE,166.43,80.98,t,
6IIA,F,Extrusion,617,PHE,-58.73,-40.12,g+,
6IIA,F,Extrusion,626,MET,,,,not aromatic
6IIA,F,Extrusion,628,PHE,-69.15,-78.45,g+,
6IIA,F,Extrusion,664,PHE,-67.34,-79.24,g+,
6IIA,F,Extrusion,666,PHE,50.14,78.65,g-,
6T7S,J,Binding,136,PHE,-35.21,-79.31,g+,
6T7S,J,Binding,178,PHE,-68.91,-35.65,g+,
6T7S,J,Binding,327,TYR,-158.55,94.86,t,
6T7S,J,Binding,573,PHE,-65.75,-27.15,g+,
6T7S,J,Binding,610,PHE,-171.22,81.34,t,
6T7S,J,Binding,615,PHE,171.04,62.15,t,
6T7S,J,Binding,617,PHE,-62.00,-34.16,g+,
6T7S,J,Binding,626,MET,,,,not aromatic
6T7S,J,Binding,628,PHE,-58.54,-35.28,g+,
6T7S,J,Binding,664,PHE,174.79,55.16,t,
6T7S,J,Binding,666,PHE,57.77,-86.48,g-,
6T7S,K,Access,136,PHE,-57.36,-40.65,g+,
6T7S,K,Access,178,PHE,-49.35,-68.75,g+,
6T7S,K,Access,327,TYR,164.94,64.00,t,
6T7S,K,Access,573,PHE,-56.57,-40.08,g+,
6T7S,K,Access,610,PHE,-174.82,78.99,t,
6T7S,K,Access,615,PHE,159.50,70.70,t,
6T7S,K,Access,617,PHE,-60.38,-83.61,g+,
6T7S,K,Access,626,MET,,,,not aromatic
6T7S,K,Access,628,PHE,-46.79,-83.58,g+,
6T7S,K,Access,664,PHE,-79.86,-88.18,g+,
6T7S,K,Access,666,PHE,42.47,84.91,g-,
6T7S,L,Access,136,PHE,-41.61,-81.54,g+,
6T7S,L,Access,178,PHE,-46.39,-77.65,g+,
6T7S,L,Access,327,TYR,-165.62,84.93,t,
6T7S,L,Access,573,PHE,-66.11,-28.07,g+,
6T7S,L,Access,610,PHE,175.56,75.64,t,
6T7S,L,Access,615,PHE,160.16,69.95,t,
6T7S,L,Access,617,PHE,-77.82,-25.12,g+,
6T7S,L,Access,626,MET,,,,not aromatic
6T7S,L,Access,628,PHE,-49.44,-45.16,g+,
6T7S,L,Access,664,PHE,-172.36,82.25,t,
6T7S,L,Access,666,PHE,69.96,-79.77,g-,
