pdb,chain,state,cluster,spheres,length_A,bottleneck_A,rise_along_axis_A,outward_step_A,exit,seed
MexB_DDM_3_20260730,D,Access,1,124,21.89,1.62,10.70,-8.30,stops inside - 284 atoms within 12 A of its end,"DBP/PBP midpoint (no ligand), moved 10.7 A to open space (3.5 A clear)"
MexB_DDM_3_20260730,D,Access,2,117,19.16,1.12,9.07,13.40,stops inside - 240 atoms within 12 A of its end,"DBP/PBP midpoint (no ligand), moved 10.7 A to open space (3.5 A clear)"
MexB_DDM_3_20260730,D,Access,3,217,34.63,1.41,8.43,15.01,stops inside - 246 atoms within 12 A of its end,"DBP/PBP midpoint (no ligand), moved 10.7 A to open space (3.5 A clear)"
MexB_DDM_3_20260730,D,Access,4,210,33.52,1.61,-4.23,18.20,stops inside - 247 atoms within 12 A of its end,"DBP/PBP midpoint (no ligand), moved 10.7 A to open space (3.5 A clear)"
MexB_DDM_3_20260730,D,Access,5,193,33.74,1.68,-22.48,-6.40,stops inside - 210 atoms within 12 A of its end,"DBP/PBP midpoint (no ligand), moved 10.7 A to open space (3.5 A clear)"
MexB_DDM_3_20260730,D,Access,6,127,22.97,1.06,2.74,-17.51,stops inside - 279 atoms within 12 A of its end,"DBP/PBP midpoint (no ligand), moved 10.7 A to open space (3.5 A clear)"
MexB_DDM_3_20260730,E,Binding,1,76,12.98,2.46,-3.88,10.46,stops inside - 231 atoms within 12 A of its end,"LMT 11 A from the distal pocket, moved 6.6 A to open space (4.7 A clear)"
MexB_DDM_3_20260730,E,Binding,2,93,15.27,1.44,-9.16,-10.19,stops inside - 253 atoms within 12 A of its end,"LMT 11 A from the distal pocket, moved 6.6 A to open space (4.7 A clear)"
MexB_DDM_3_20260730,E,Binding,3,165,24.93,1.57,-18.00,6.82,stops inside - 247 atoms within 12 A of its end,"LMT 11 A from the distal pocket, moved 6.6 A to open space (4.7 A clear)"
MexB_DDM_3_20260730,E,Binding,4,180,28.83,1.81,-11.81,-6.58,stops inside - 253 atoms within 12 A of its end,"LMT 11 A from the distal pocket, moved 6.6 A to open space (4.7 A clear)"
MexB_DDM_3_20260730,E,Binding,5,189,30.05,1.34,17.71,7.17,stops inside - 256 atoms within 12 A of its end,"LMT 11 A from the distal pocket, moved 6.6 A to open space (4.7 A clear)"
MexB_DDM_3_20260730,E,Binding,6,139,24.00,1.07,-7.17,11.81,stops inside - 211 atoms within 12 A of its end,"LMT 11 A from the distal pocket, moved 6.6 A to open space (4.7 A clear)"
MexB_DDM_3_20260730,F,Extrusion,1,56,10.22,2.89,5.28,-4.19,stops inside - 240 atoms within 12 A of its end,"DBP/PBP midpoint (no ligand), moved 9.7 A to open space (3.8 A clear)"
MexB_DDM_3_20260730,F,Extrusion,2,70,11.16,2.77,7.49,-3.11,stops inside - 228 atoms within 12 A of its end,"DBP/PBP midpoint (no ligand), moved 9.7 A to open space (3.8 A clear)"
MexB_DDM_3_20260730,F,Extrusion,3,139,22.44,1.95,17.17,0.57,stops inside - 250 atoms within 12 A of its end,"DBP/PBP midpoint (no ligand), moved 9.7 A to open space (3.8 A clear)"
MexB_DDM_3_20260730,F,Extrusion,4,114,19.27,1.88,-14.07,-8.58,stops inside - 230 atoms within 12 A of its end,"DBP/PBP midpoint (no ligand), moved 9.7 A to open space (3.8 A clear)"
MexB_DDM_3_20260730,F,Extrusion,5,96,15.91,1.45,2.36,-8.21,stops inside - 277 atoms within 12 A of its end,"DBP/PBP midpoint (no ligand), moved 9.7 A to open space (3.8 A clear)"
MexB_DDM_3_20260730,F,Extrusion,6,92,16.51,1.26,5.67,-6.19,stops inside - 230 atoms within 12 A of its end,"DBP/PBP midpoint (no ligand), moved 9.7 A to open space (3.8 A clear)"
