resseq,resname,site,depth_from_entrance_A,offset_from_channel_A
79,SER,PBP,42.48,7.12
128,ARG,PBP,51.06,9.93
136,PHE,DBP,55.60,6.77
139,VAL,DBP,55.91,7.99
151,LYS,PBP,62.80,7.40
152,GLU,PBP,62.80,9.93
176,GLN,PBP,61.63,5.74
178,PHE,DBP,62.80,5.20
180,SER,PBP,62.80,10.60
273,GLN,PBP,62.13,13.26
274,ASP,PBP,62.13,9.55
276,SER,PBP,62.27,8.92
277,ILE,DBP,62.80,4.97
279,ALA,DBP,62.80,7.12
327,TYR,DBP,55.60,10.93
573,PHE,DBP,29.95,8.80
610,PHE,DBP,58.93,9.09
612,VAL,DBP,59.78,5.95
613,THR,switch,59.98,11.36
614,GLY,switch,60.28,8.37
615,PHE,DBP;switch,59.49,4.90
616,ASN,switch,31.78,9.18
617,PHE,DBP;switch,32.74,6.37
618,ALA,switch,32.13,6.77
619,GLY,switch,48.20,9.11
620,ARG,switch,61.24,7.01
621,GLY,switch,60.64,11.59
622,GLN,switch,62.80,15.24
626,MET,DBP,58.93,8.44
628,PHE,DBP,55.91,7.14
630,MET,DBP,55.91,12.91
668,PRO,PBP,27.66,9.75
672,LEU,PBP,55.29,10.39
674,LEU,PBP,38.34,10.09
676,ASN,PBP,34.58,4.55
717,PRO,PBP,31.78,10.50
819,ASN,PBP,41.56,14.30
825,GLU,PBP,38.34,5.99
828,GLY,PBP,26.37,8.95
