depth_from_entrance_A,fraction_PN1,fraction_PN2,fraction_PC1,fraction_PC2
0.00,0.000,0.000,1.000,0.000
0.13,0.000,0.000,1.000,0.000
0.26,0.000,0.000,1.000,0.000
0.39,0.000,0.000,1.000,0.000
0.53,0.000,0.000,1.000,0.000
0.66,0.000,0.000,1.000,0.000
0.79,0.000,0.000,1.000,0.000
0.92,0.000,0.000,1.000,0.000
1.05,0.000,0.000,1.000,0.000
1.20,0.000,0.000,1.000,0.000
1.35,0.000,0.000,1.000,0.000
1.50,0.000,0.000,1.000,0.000
1.64,0.000,0.000,1.000,0.000
1.79,0.000,0.000,1.000,0.000
1.94,0.000,0.000,1.000,0.000
2.08,0.000,0.000,1.000,0.000
2.22,0.000,0.000,1.000,0.000
2.36,0.000,0.000,1.000,0.000
2.50,0.000,0.000,1.000,0.000
2.64,0.000,0.000,1.000,0.000
2.78,0.000,0.000,1.000,0.000
2.92,0.000,0.000,1.000,0.000
3.05,0.000,0.000,1.000,0.000
3.19,0.000,0.000,1.000,0.000
3.32,0.000,0.000,1.000,0.000
3.46,0.000,0.000,1.000,0.000
3.59,0.000,0.000,1.000,0.000
3.74,0.000,0.000,1.000,0.000
3.88,0.000,0.000,1.000,0.000
4.03,0.000,0.000,1.000,0.000
4.17,0.000,0.000,1.000,0.000
4.32,0.000,0.000,1.000,0.000
4.45,0.000,0.000,1.000,0.000
4.58,0.000,0.000,1.000,0.000
4.71,0.000,0.000,1.000,0.000
4.84,0.000,0.000,1.000,0.000
4.98,0.000,0.000,1.000,0.000
5.13,0.000,0.000,1.000,0.000
5.28,0.000,0.000,1.000,0.000
5.43,0.000,0.000,1.000,0.000
5.58,0.000,0.000,1.000,0.000
5.71,0.000,0.000,1.000,0.000
5.84,0.000,0.000,1.000,0.000
5.98,0.000,0.000,1.000,0.000
6.11,0.000,0.000,1.000,0.000
6.23,0.000,0.000,1.000,0.000
6.36,0.000,0.000,1.000,0.000
6.48,0.000,0.000,1.000,0.000
6.60,0.000,0.000,1.000,0.000
6.72,0.000,0.000,1.000,0.000
6.85,0.000,0.000,1.000,0.000
6.97,0.000,0.000,1.000,0.000
7.09,0.000,0.000,1.000,0.000
7.22,0.000,0.000,1.000,0.000
7.35,0.000,0.000,1.000,0.000
7.47,0.000,0.000,1.000,0.000
7.60,0.000,0.000,1.000,0.000
7.74,0.000,0.000,1.000,0.000
7.87,0.000,0.000,1.000,0.000
8.01,0.000,0.000,1.000,0.000
8.14,0.000,0.000,1.000,0.000
8.28,0.000,0.000,1.000,0.000
8.42,0.000,0.000,1.000,0.000
8.55,0.000,0.000,1.000,0.000
8.69,0.000,0.000,1.000,0.000
8.83,0.000,0.000,1.000,0.000
8.96,0.000,0.000,1.000,0.000
9.10,0.000,0.000,1.000,0.000
9.23,0.000,0.000,1.000,0.000
9.36,0.000,0.000,1.000,0.000
9.49,0.000,0.000,1.000,0.000
9.63,0.000,0.000,1.000,0.000
9.76,0.000,0.000,0.999,0.001
9.89,0.000,0.000,0.997,0.003
10.02,0.000,0.000,0.996,0.004
10.15,0.000,0.000,0.995,0.005
10.28,0.000,0.000,0.994,0.006
10.42,0.000,0.000,0.993,0.007
10.55,0.000,0.000,0.990,0.010
10.68,0.000,0.000,0.988,0.012
10.82,0.000,0.000,0.986,0.014
10.95,0.000,0.000,0.983,0.017
11.09,0.000,0.000,0.979,0.021
11.22,0.000,0.000,0.975,0.025
11.36,0.000,0.000,0.971,0.029
11.50,0.000,0.000,0.967,0.033
11.63,0.000,0.000,0.963,0.037
11.77,0.000,0.000,0.959,0.041
11.90,0.000,0.000,0.954,0.046
12.03,0.000,0.000,0.950,0.050
12.16,0.000,0.000,0.945,0.055
12.29,0.000,0.000,0.941,0.059
12.42,0.000,0.000,0.936,0.064
12.54,0.000,0.000,0.930,0.070
12.66,0.000,0.000,0.924,0.076
12.78,0.000,0.000,0.917,0.083
12.89,0.000,0.000,0.911,0.089
13.02,0.000,0.000,0.906,0.094
13.15,0.000,0.000,0.901,0.099
13.28,0.000,0.000,0.896,0.104
13.42,0.000,0.000,0.891,0.109
13.55,0.000,0.000,0.885,0.115
13.64,0.000,0.000,0.879,0.121
13.67,0.000,0.000,0.873,0.127
13.77,0.000,0.000,0.867,0.133
13.88,0.000,0.000,0.861,0.139
13.99,0.000,0.000,0.855,0.145
14.10,0.000,0.000,0.849,0.151
14.23,0.000,0.000,0.843,0.157
14.36,0.000,0.000,0.837,0.163
14.49,0.000,0.000,0.831,0.169
14.62,0.000,0.000,0.825,0.175
14.75,0.000,0.000,0.818,0.182
14.88,0.000,0.000,0.811,0.189
15.00,0.000,0.000,0.803,0.197
15.13,0.000,0.000,0.796,0.204
15.26,0.000,0.000,0.789,0.211
15.39,0.000,0.000,0.783,0.217
15.53,0.000,0.000,0.778,0.222
15.67,0.000,0.000,0.773,0.227
15.81,0.000,0.000,0.769,0.231
15.95,0.000,0.000,0.764,0.236
16.09,0.000,0.000,0.760,0.240
16.22,0.000,0.000,0.756,0.244
16.36,0.000,0.000,0.752,0.248
16.50,0.000,0.000,0.748,0.252
16.64,0.000,0.000,0.745,0.255
16.77,0.000,0.000,0.742,0.258
16.89,0.000,0.000,0.740,0.260
17.02,0.000,0.000,0.739,0.261
17.14,0.000,0.000,0.738,0.262
17.27,0.000,0.000,0.737,0.263
17.41,0.000,0.000,0.738,0.262
17.54,0.000,0.000,0.739,0.261
17.68,0.000,0.000,0.740,0.260
17.81,0.000,0.000,0.739,0.261
17.94,0.000,0.000,0.738,0.262
18.06,0.000,0.000,0.738,0.262
18.18,0.000,0.000,0.740,0.260
18.31,0.000,0.000,0.741,0.259
18.43,0.000,0.000,0.741,0.259
18.55,0.000,0.000,0.742,0.258
18.67,0.000,0.000,0.741,0.259
18.79,0.000,0.000,0.742,0.258
18.92,0.000,0.000,0.741,0.259
19.05,0.000,0.000,0.740,0.260
19.18,0.000,0.000,0.740,0.260
19.31,0.000,0.000,0.740,0.260
19.46,0.000,0.000,0.739,0.261
19.60,0.000,0.000,0.738,0.262
19.75,0.000,0.000,0.737,0.263
19.89,0.000,0.000,0.735,0.265
20.04,0.000,0.000,0.733,0.267
20.19,0.000,0.000,0.730,0.270
20.34,0.000,0.000,0.728,0.272
20.48,0.000,0.000,0.725,0.275
20.62,0.000,0.000,0.723,0.277
20.76,0.000,0.000,0.719,0.281
20.90,0.000,0.000,0.716,0.284
21.04,0.000,0.000,0.712,0.288
21.17,0.000,0.000,0.711,0.289
21.29,0.000,0.000,0.709,0.291
21.42,0.000,0.000,0.708,0.292
21.55,0.000,0.000,0.706,0.294
21.69,0.000,0.000,0.705,0.295
21.84,0.000,0.000,0.703,0.297
21.99,0.000,0.000,0.701,0.299
22.12,0.000,0.000,0.699,0.301
22.25,0.000,0.000,0.696,0.304
22.38,0.000,0.000,0.694,0.306
22.50,0.000,0.000,0.691,0.309
22.61,0.000,0.000,0.688,0.312
22.73,0.000,0.000,0.686,0.314
22.85,0.000,0.000,0.683,0.317
22.97,0.000,0.000,0.679,0.321
23.09,0.000,0.000,0.676,0.324
23.23,0.000,0.000,0.672,0.328
23.37,0.000,0.000,0.669,0.331
23.51,0.000,0.000,0.666,0.334
23.63,0.000,0.000,0.662,0.338
23.74,0.000,0.000,0.658,0.342
23.86,0.000,0.000,0.654,0.346
23.97,0.000,0.000,0.650,0.350
24.09,0.000,0.000,0.646,0.354
24.21,0.000,0.000,0.642,0.358
24.33,0.000,0.000,0.637,0.363
24.45,0.000,0.000,0.633,0.367
24.57,0.000,0.000,0.628,0.372
24.70,0.000,0.000,0.624,0.376
24.83,0.000,0.000,0.619,0.381
24.95,0.000,0.000,0.615,0.385
25.08,0.000,0.000,0.612,0.388
25.21,0.000,0.000,0.609,0.391
25.34,0.000,0.000,0.606,0.394
25.47,0.000,0.000,0.604,0.396
25.59,0.000,0.000,0.602,0.398
25.71,0.000,0.000,0.602,0.398
25.84,0.000,0.000,0.601,0.399
25.96,0.000,0.000,0.601,0.399
26.10,0.000,0.000,0.601,0.399
26.23,0.000,0.000,0.602,0.398
26.37,0.000,0.000,0.604,0.396
26.49,0.000,0.000,0.605,0.395
26.62,0.000,0.000,0.607,0.393
26.74,0.000,0.000,0.610,0.390
26.87,0.000,0.000,0.614,0.386
27.00,0.000,0.000,0.618,0.382
27.14,0.000,0.000,0.622,0.378
27.28,0.000,0.000,0.626,0.374
27.42,0.000,0.000,0.631,0.369
27.54,0.000,0.000,0.636,0.364
27.66,0.000,0.000,0.642,0.358
27.79,0.000,0.000,0.649,0.351
27.91,0.000,0.000,0.654,0.346
28.03,0.000,0.000,0.661,0.339
28.14,0.000,0.000,0.667,0.333
28.25,0.000,0.000,0.672,0.328
28.36,0.000,0.000,0.677,0.323
28.51,0.000,0.000,0.682,0.318
28.65,0.000,0.000,0.686,0.314
28.79,0.000,0.000,0.689,0.311
28.93,0.000,0.000,0.691,0.309
29.07,0.000,0.000,0.693,0.307
29.21,0.000,0.000,0.696,0.304
29.34,0.000,0.000,0.698,0.302
29.46,0.000,0.000,0.700,0.300
29.59,0.000,0.000,0.700,0.300
29.71,0.000,0.000,0.701,0.299
29.83,0.000,0.000,0.700,0.300
29.95,0.000,0.000,0.699,0.301
30.09,0.000,0.000,0.697,0.303
30.23,0.000,0.000,0.694,0.306
30.37,0.000,0.000,0.691,0.309
30.51,0.000,0.000,0.688,0.312
30.64,0.000,0.000,0.684,0.316
30.78,0.000,0.000,0.680,0.320
30.88,0.000,0.000,0.675,0.325
30.99,0.000,0.000,0.670,0.330
31.10,0.000,0.000,0.665,0.335
31.21,0.000,0.000,0.659,0.341
31.33,0.000,0.000,0.654,0.346
31.44,0.000,0.000,0.648,0.352
31.56,0.000,0.000,0.642,0.358
31.67,0.000,0.000,0.636,0.364
31.78,0.000,0.000,0.631,0.369
31.90,0.000,0.000,0.626,0.374
32.01,0.000,0.000,0.621,0.379
32.13,0.000,0.000,0.615,0.385
32.25,0.000,0.000,0.608,0.392
32.37,0.000,0.000,0.601,0.399
32.49,0.000,0.000,0.595,0.405
32.62,0.000,0.000,0.588,0.412
32.74,0.000,0.000,0.582,0.418
32.87,0.000,0.000,0.577,0.423
33.00,0.000,0.000,0.571,0.429
33.13,0.000,0.000,0.565,0.435
33.26,0.000,0.000,0.559,0.441
33.40,0.000,0.000,0.554,0.446
33.53,0.000,0.000,0.549,0.451
33.67,0.000,0.000,0.543,0.457
33.80,0.000,0.000,0.537,0.463
33.94,0.000,0.000,0.531,0.469
34.07,0.000,0.000,0.524,0.476
34.20,0.000,0.000,0.519,0.481
34.33,0.000,0.000,0.513,0.487
34.46,0.000,0.000,0.508,0.492
34.58,0.000,0.000,0.502,0.498
34.71,0.000,0.000,0.497,0.503
34.83,0.000,0.000,0.491,0.509
34.95,0.000,0.000,0.484,0.516
35.07,0.000,0.000,0.477,0.523
35.19,0.000,0.000,0.468,0.532
35.31,0.000,0.000,0.460,0.540
35.43,0.000,0.000,0.451,0.549
35.55,0.000,0.000,0.441,0.559
35.68,0.000,0.000,0.431,0.569
35.80,0.000,0.000,0.422,0.578
35.92,0.000,0.000,0.413,0.587
36.06,0.000,0.000,0.404,0.596
36.19,0.001,0.000,0.395,0.604
36.32,0.002,0.000,0.387,0.611
36.47,0.003,0.000,0.379,0.618
36.61,0.006,0.000,0.370,0.624
36.76,0.008,0.000,0.361,0.631
36.90,0.010,0.000,0.355,0.635
37.04,0.013,0.000,0.348,0.639
37.18,0.016,0.000,0.342,0.643
37.32,0.018,0.000,0.336,0.645
37.46,0.022,0.000,0.330,0.648
37.60,0.029,0.000,0.323,0.649
37.71,0.035,0.000,0.316,0.649
37.83,0.043,0.000,0.309,0.648
37.94,0.052,0.000,0.302,0.646
38.05,0.061,0.000,0.294,0.645
38.20,0.071,0.000,0.288,0.641
38.34,0.083,0.000,0.282,0.635
38.48,0.094,0.000,0.277,0.629
38.60,0.106,0.000,0.273,0.622
38.71,0.117,0.000,0.269,0.614
38.83,0.129,0.000,0.266,0.605
38.95,0.141,0.000,0.262,0.597
39.09,0.154,0.000,0.258,0.588
39.23,0.168,0.000,0.253,0.579
39.36,0.182,0.000,0.249,0.569
39.50,0.195,0.000,0.244,0.560
39.64,0.209,0.000,0.239,0.551
39.77,0.224,0.000,0.234,0.542
39.90,0.239,0.000,0.230,0.531
40.04,0.255,0.000,0.226,0.519
40.17,0.272,0.000,0.221,0.507
40.31,0.290,0.000,0.216,0.495
40.46,0.307,0.000,0.211,0.483
40.60,0.325,0.000,0.204,0.471
40.74,0.341,0.000,0.199,0.460
40.89,0.354,0.000,0.195,0.451
41.02,0.368,0.000,0.192,0.441
41.16,0.379,0.000,0.190,0.431
41.29,0.388,0.000,0.191,0.422
41.42,0.396,0.000,0.193,0.411
41.56,0.403,0.000,0.196,0.401
41.69,0.408,0.000,0.199,0.393
41.82,0.414,0.000,0.202,0.384
41.95,0.421,0.000,0.206,0.373
42.08,0.428,0.000,0.211,0.361
42.21,0.434,0.000,0.216,0.350
42.34,0.441,0.000,0.222,0.338
42.48,0.446,0.000,0.228,0.326
42.62,0.450,0.000,0.235,0.314
42.76,0.454,0.000,0.243,0.302
42.90,0.459,0.000,0.252,0.290
43.03,0.462,0.000,0.261,0.277
43.16,0.464,0.000,0.271,0.265
43.28,0.464,0.000,0.283,0.253
43.40,0.463,0.000,0.294,0.243
43.51,0.462,0.000,0.306,0.232
43.62,0.459,0.000,0.318,0.223
43.72,0.457,0.000,0.329,0.214
43.82,0.454,0.000,0.341,0.205
43.92,0.451,0.000,0.354,0.196
44.05,0.449,0.000,0.364,0.187
44.18,0.447,0.000,0.374,0.179
44.31,0.447,0.000,0.382,0.171
44.45,0.448,0.000,0.388,0.163
44.59,0.450,0.000,0.394,0.156
44.73,0.453,0.000,0.400,0.148
44.86,0.454,0.000,0.406,0.139
44.99,0.456,0.000,0.413,0.131
45.12,0.457,0.000,0.418,0.124
45.23,0.458,0.000,0.423,0.118
45.33,0.460,0.000,0.427,0.112
45.44,0.462,0.000,0.431,0.106
45.56,0.465,0.000,0.436,0.100
45.67,0.467,0.001,0.439,0.093
45.77,0.470,0.001,0.441,0.088
45.86,0.472,0.002,0.443,0.083
45.95,0.475,0.003,0.444,0.078
46.05,0.478,0.003,0.444,0.074
46.17,0.482,0.004,0.443,0.071
46.28,0.485,0.005,0.441,0.069
46.40,0.489,0.006,0.439,0.066
46.51,0.491,0.008,0.437,0.063
46.62,0.494,0.011,0.435,0.060
46.77,0.497,0.013,0.434,0.056
46.91,0.498,0.016,0.433,0.053
47.06,0.499,0.020,0.432,0.049
47.19,0.500,0.024,0.431,0.045
47.32,0.500,0.028,0.431,0.041
47.45,0.500,0.031,0.431,0.037
47.59,0.500,0.035,0.431,0.034
47.71,0.500,0.039,0.431,0.031
47.83,0.499,0.042,0.430,0.028
47.96,0.499,0.046,0.429,0.026
48.08,0.498,0.050,0.428,0.024
48.20,0.496,0.055,0.427,0.022
48.33,0.493,0.060,0.428,0.020
48.46,0.489,0.064,0.429,0.018
48.58,0.484,0.070,0.429,0.016
48.71,0.480,0.076,0.430,0.015
48.84,0.474,0.082,0.431,0.013
48.96,0.468,0.088,0.431,0.012
49.09,0.462,0.095,0.432,0.011
49.21,0.456,0.102,0.433,0.009
49.34,0.449,0.109,0.434,0.008
49.46,0.442,0.117,0.435,0.006
49.61,0.435,0.125,0.435,0.005
49.75,0.428,0.132,0.436,0.004
49.89,0.421,0.140,0.437,0.002
50.04,0.413,0.148,0.437,0.001
50.17,0.407,0.156,0.437,0.001
50.30,0.400,0.163,0.437,0.000
50.44,0.392,0.170,0.438,0.000
50.57,0.383,0.177,0.440,0.000
50.69,0.374,0.185,0.441,0.000
50.81,0.363,0.194,0.443,0.000
50.94,0.352,0.203,0.445,0.000
51.06,0.341,0.212,0.447,0.000
51.20,0.328,0.222,0.450,0.000
51.35,0.314,0.232,0.454,0.000
51.49,0.300,0.243,0.457,0.000
51.64,0.286,0.255,0.459,0.000
51.79,0.272,0.268,0.461,0.000
51.93,0.259,0.278,0.463,0.000
52.08,0.246,0.290,0.464,0.000
52.23,0.233,0.302,0.466,0.000
52.38,0.219,0.313,0.467,0.000
52.52,0.206,0.324,0.469,0.000
52.66,0.193,0.335,0.472,0.000
52.80,0.181,0.345,0.474,0.000
52.94,0.169,0.356,0.476,0.000
53.09,0.156,0.367,0.477,0.000
53.23,0.145,0.377,0.478,0.000
53.35,0.133,0.387,0.479,0.000
53.46,0.122,0.398,0.480,0.000
53.58,0.111,0.408,0.481,0.000
53.70,0.100,0.418,0.482,0.000
53.83,0.090,0.428,0.482,0.000
53.96,0.080,0.439,0.481,0.000
54.10,0.070,0.449,0.481,0.000
54.23,0.062,0.458,0.480,0.000
54.37,0.055,0.466,0.479,0.000
54.51,0.048,0.475,0.477,0.000
54.65,0.043,0.482,0.475,0.000
54.78,0.039,0.489,0.472,0.000
54.91,0.036,0.494,0.470,0.000
55.04,0.034,0.498,0.468,0.000
55.16,0.032,0.502,0.467,0.000
55.29,0.030,0.506,0.464,0.000
55.39,0.028,0.509,0.463,0.000
55.50,0.027,0.511,0.462,0.000
55.60,0.026,0.512,0.462,0.000
55.70,0.025,0.513,0.462,0.000
55.80,0.024,0.515,0.461,0.000
55.91,0.023,0.515,0.461,0.000
56.04,0.022,0.516,0.462,0.000
56.17,0.022,0.515,0.464,0.000
56.30,0.021,0.513,0.466,0.000
56.43,0.020,0.511,0.468,0.000
56.57,0.020,0.510,0.470,0.000
56.71,0.019,0.509,0.472,0.000
56.84,0.019,0.507,0.475,0.000
56.98,0.018,0.505,0.477,0.000
57.12,0.018,0.502,0.480,0.000
57.26,0.017,0.499,0.484,0.000
57.40,0.016,0.497,0.487,0.000
57.54,0.016,0.494,0.490,0.000
57.69,0.015,0.492,0.493,0.000
57.83,0.015,0.490,0.495,0.000
57.95,0.014,0.488,0.498,0.000
58.07,0.014,0.487,0.500,0.000
58.19,0.013,0.485,0.502,0.000
58.32,0.012,0.483,0.505,0.000
58.44,0.012,0.480,0.508,0.000
58.56,0.011,0.478,0.511,0.000
58.69,0.010,0.476,0.514,0.000
58.81,0.009,0.475,0.516,0.000
58.93,0.008,0.474,0.518,0.000
59.02,0.007,0.474,0.520,0.000
59.12,0.007,0.473,0.520,0.000
59.22,0.007,0.473,0.520,0.000
59.35,0.007,0.474,0.519,0.000
59.49,0.007,0.476,0.518,0.000
59.64,0.008,0.477,0.515,0.000
59.78,0.010,0.478,0.512,0.000
59.88,0.011,0.480,0.509,0.000
59.98,0.013,0.482,0.505,0.000
60.08,0.016,0.484,0.501,0.000
60.18,0.018,0.486,0.496,0.000
60.28,0.021,0.488,0.491,0.000
60.40,0.023,0.492,0.486,0.000
60.52,0.024,0.495,0.480,0.000
60.64,0.026,0.501,0.473,0.000
60.76,0.027,0.506,0.467,0.000
60.88,0.028,0.511,0.461,0.000
61.00,0.028,0.517,0.455,0.000
61.12,0.028,0.523,0.449,0.000
61.24,0.028,0.530,0.442,0.000
61.37,0.029,0.532,0.439,0.000
61.50,0.031,0.535,0.434,0.000
61.63,0.032,0.538,0.430,0.000
61.75,0.034,0.542,0.425,0.000
61.88,0.035,0.545,0.420,0.000
62.01,0.037,0.549,0.414,0.000
62.13,0.037,0.553,0.410,0.000
62.27,0.038,0.557,0.405,0.000
62.40,0.039,0.561,0.400,0.000
62.53,0.039,0.565,0.396,0.000
62.67,0.039,0.569,0.392,0.000
62.80,0.038,0.574,0.388,0.000
