pdb,chain,ligand,resname,heavy_atoms,local_girth_A,whole_girth_A,sphere_radius_A,long_axis_A,widest_rigid_A,route_length_A,straight_line_A,tortuosity,strain_integral_A2,peak_opening_A,percent_pinched,route_min_radius_A,trace_file
Amp_MexB_20260826,E,Ampicillin,ZZ7,25,4.06,5.55,7.75,11.14,1.93,50.92,35.62,1.43,57.06,2.09,80.27,2.20,lig_Amp_MexB_20260826_E_ZZ7_tunnel.pdb
21FO,B,CYMAL-7,CA7,36,4.56,5.58,12.46,17.35,2.21,31.04,26.58,1.17,50.88,2.36,88.16,2.44,lig_21FO_B_CA7_tunnel.pdb
21FP,B,Chloramphenicol,CLM,20,4.44,4.74,6.78,9.57,2.42,48.32,35.48,1.36,68.82,2.15,94.08,2.42,lig_21FP_B_CLM_tunnel.pdb
2V50,B,DDM,LMT,35,5.30,6.32,12.49,17.48,2.12,47.39,37.21,1.27,110.46,3.20,100.00,2.34,lig_2V50_B_LMT_tunnel.pdb
MexB_DDM_3_20260730,E,DDM x3,LMT,35,4.19,6.32,12.62,17.17,2.17,29.93,26.40,1.13,40.06,1.97,79.82,2.34,lig_MexB_DDM_3_20260730_E_LMT_tunnel.pdb
MexB_DDM_3_20260730,E,DDM x3,LMT,35,4.23,6.37,12.44,16.98,2.17,29.87,26.73,1.12,41.20,2.01,82.49,2.34,lig_MexB_DDM_3_20260730_E_LMT_tunnel.pdb
MexB_DDM_3_20260730,E,DDM x3,LMT,35,4.23,5.39,14.59,20.46,2.17,46.04,35.81,1.29,50.60,2.01,82.58,2.34,lig_MexB_DDM_3_20260730_E_LMT_tunnel.pdb
3W9J,B,EPI,P9D,49,4.30,6.01,12.96,20.45,1.77,56.83,43.35,1.31,83.47,2.76,87.92,2.09,lig_3W9J_B_P9D_tunnel.pdb
6IIA,B,LMNG,AV0,69,8.29,10.97,13.70,22.39,2.67,29.81,25.91,1.15,149.07,5.85,100.00,2.90,lig_6IIA_B_AV0_tunnel.pdb
