pdb,chain,ligand,resname,heavy_atoms,depth_centroid_A,depth_shallowest_A,depth_deepest_A,span_A,mean_offset_from_channel_A,free_radius_beside_A
21FO,B,CA72001,CA7,36,33.53,28.65,53.46,24.82,4.95,3.74
21FP,B,CLM1101,CLM,20,62.13,61.63,62.53,0.90,8.03,2.78
2V50,B,LMT2033,LMT,35,61.63,48.20,62.80,14.60,6.41,3.75
2V50,E,LMT2033,LMT,35,61.63,46.28,62.13,15.85,6.36,1.12
3W9I,B,LMT2001,LMT,35,62.13,55.91,62.80,6.89,7.54,
3W9J,B,P9D2001,P9D,49,58.69,55.60,62.80,7.20,4.81,3.27
3W9J,E,P9D2001,P9D,49,58.32,51.49,62.80,11.30,4.61,2.78
6IIA,B,AV01101,AV0,69,52.80,43.62,62.13,18.52,4.06,3.47
6IIA,E,AV01101,AV0,69,52.94,43.28,62.80,19.52,3.96,2.89
Amp_MexB_20260826,E,ZZ72000,ZZ7,25,62.80,52.66,62.80,10.14,2.83,3.74
MexB_DDM_3_20260730,E,LMT2001,LMT,35,62.13,55.91,62.53,6.63,7.08,3.02
MexB_DDM_3_20260730,E,LMT2002,LMT,35,33.67,28.36,53.58,25.22,4.24,4.26
MexB_DDM_3_20260730,E,LMT2003,LMT,35,50.69,43.62,62.80,19.18,3.10,2.91
