pdb,description,chain,ligand,ligand_index,ligands_in_protomer,heavy_atoms,depth_from_entrance_A,offset_from_channel_A,site,DBP_residues_contacted,PBP_residues_contacted,switch_loop_contacted,residues_contacted,apolar_contacts,hbond_contacts,percent_apolar,aromatic_residues_engaged,aromatic_residues,pi_stacking,cation_pi
Amp_MexB_20260826,"ampicillin (2.19 A, this work)",E,ZZ7,1,1,25,62.80,0.43,DBP,6,4,2,12,55,3,94.8,4,PHE178;PHE610;PHE615;PHE628,"PHE178(4.0A,16deg);PHE610(5.4A,87deg);PHE628(4.8A,7deg)",PHE178;PHE615
MexB_DDM_3_20260730,"DDM x3 (2.11 A, this work)",E,LMT,1,3,35,33.67,4.82,DBP,7,2,2,19,77,5,93.9,7,PHE136;PHE573;PHE617;PHE628;PHE664;PHE666;TYR327,,
MexB_DDM_3_20260730,"DDM x3 (2.11 A, this work)",E,LMT,2,3,35,50.69,1.77,both,3,3,4,15,38,6,86.4,2,PHE615;PHE617,,
MexB_DDM_3_20260730,"DDM x3 (2.11 A, this work)",E,LMT,3,3,35,62.13,5.35,DBP,7,4,1,18,53,8,86.9,4,PHE178;PHE610;PHE615;PHE628,,
21FO,CYMAL-7 (2.30 A),B,CA7,1,1,36,33.53,6.41,DBP,8,3,2,21,80,4,95.2,8,PHE136;PHE178;PHE573;PHE610;PHE617;PHE628;PHE666;TYR327,,
21FP,chloramphenicol (2.89 A),B,CLM,1,1,20,62.13,7.75,PBP,1,5,1,13,9,10,47.4,0,,,
2V50,DDM x1 (3.00 A),B,LMT,1,1,35,61.63,5.28,both,3,3,4,16,33,6,84.6,3,PHE178;PHE615;PHE617,,
2V50,DDM x1 (3.00 A),E,LMT,1,1,35,61.63,6.05,PBP,0,2,1,13,21,5,80.8,0,,,
3W9I,DDM x1 (2.71 A),B,LMT,1,1,35,62.13,5.29,PBP,4,5,0,16,82,4,95.3,3,PHE178;PHE610;PHE628,,
3W9J,pyridopyrimidine EPI (3.15 A),B,P9D,1,1,49,58.69,2.04,DBP,12,5,2,21,174,3,98.3,7,PHE136;PHE178;PHE573;PHE610;PHE615;PHE628;TYR327,"PHE178(3.4A,5deg);PHE178(3.8A,5deg);TYR327(5.5A,19deg);PHE610(4.9A,84deg);PHE628(4.4A,33deg);PHE628(4.6A,24deg)",PHE178;PHE610;PHE615;PHE628;TYR327
3W9J,pyridopyrimidine EPI (3.15 A),E,P9D,1,1,49,58.32,1.75,DBP,12,4,2,20,168,4,97.7,7,PHE136;PHE178;PHE573;PHE610;PHE615;PHE628;TYR327,"PHE178(3.6A,7deg);PHE178(3.9A,7deg);PHE610(4.9A,70deg);PHE615(5.2A,36deg);PHE628(4.3A,4deg);PHE628(4.9A,17deg)",PHE178;PHE610;PHE615;PHE628
6IIA,LMNG (2.91 A),B,AV0,1,1,69,52.80,2.32,DBP,12,6,3,30,137,13,91.3,8,PHE136;PHE178;PHE573;PHE610;PHE615;PHE617;PHE628;TYR327,,
6IIA,LMNG (2.91 A),E,AV0,1,1,69,52.94,2.47,DBP,13,5,3,29,122,17,87.8,8,PHE136;PHE178;PHE573;PHE610;PHE615;PHE617;PHE628;TYR327,,
