resseq,mexb_residue,site,homologues_DFYBFFD,percent_identical,mexb_aromatic,homologues_aromatic
79,S,PBP,EEKSSSS,57,no,0
128,R,PBP,QQYSSST,0,no,1
136,F,DBP,FFIFYIN,43,yes,4
139,V,DBP,IIIVVVT,43,no,0
151,K,PBP,SSAQQQK,14,no,0
152,E,PBP,DDMEDYQ,14,no,1
176,Q,PBP,QQEQQQD,71,no,0
178,F,DBP,FFWFFFY,71,yes,7
180,S,PBP,SSASASS,71,no,0
273,Q,PBP,ELSEEEE,0,no,0
274,D,PBP,SQENNDK,14,no,0
276,S,PBP,NFGDNSD,14,no,1
277,I,DBP,ILFIVTY,29,no,2
279,A,DBP,STSAAAS,43,no,0
327,Y,DBP,YYYYYYY,100,yes,7
573,F,DBP,VVMMLMT,0,yes,0
610,F,DBP,FFYFFFF,86,yes,7
612,V,DBP,IIVVVVT,57,no,0
613,T,switch,SSGNNGV,0,no,0
614,G,switch,GGGGGGG,100,no,0
615,F,DBP;switch,FFFFFFS,86,yes,6
616,N,switch,SSSGSGG,0,no,0
617,F,DBP;switch,FFLFFFP,71,yes,5
618,A,switch,SSYASSG,14,no,1
619,G,switch,GGGGGGG,100,no,0
620,R,switch,QQDRQQN,14,no,0
621,G,switch,GGGGAGG,86,no,0
622,Q,switch,DDTQQQQ,57,no,0
626,M,DBP,LLMIMLR,29,no,0
628,F,DBP,FFFFFFF,100,yes,7
630,M,DBP,TTTSSSR,0,no,0
664,F,contacted,MMYFIFI,29,yes,3
666,F,contacted,VVMFFFS,43,yes,3
668,P,PBP,PPSLMLP,43,no,0
672,L,PBP,NNPVVAS,0,no,0
674,L,PBP,LLLLLLL,100,no,0
676,N,PBP,NNSTTTS,29,no,0
717,P,PBP,MMFPPPH,43,no,2
819,N,PBP,NNNNNNN,100,no,0
825,E,PBP,RRNEEEE,57,no,0
828,G,PBP,GGGGGGG,100,no,0
