resseq,deviation_A,sliding_rms_A
1,2.449,2.496
2,2.209,2.420
3,2.774,2.388
4,2.824,2.353
5,2.147,2.277
6,1.994,2.204
7,2.187,2.177
8,2.093,2.038
9,1.543,1.868
10,1.746,1.819
11,1.954,1.762
12,1.546,1.660
13,1.418,1.586
14,1.731,1.605
15,1.462,1.551
16,1.273,1.465
17,1.498,1.473
18,1.709,1.495
19,1.227,1.473
20,1.216,1.470
21,1.616,1.524
22,1.609,1.562
23,1.557,1.562
24,1.431,1.614
25,1.759,1.628
26,1.810,1.579
27,1.715,1.528
28,1.727,1.478
29,1.371,1.441
30,1.098,1.367
31,1.082,1.251
32,1.028,1.123
33,1.034,1.002
34,1.106,1.009
35,0.751,1.135
36,0.433,1.557
37,0.827,2.007
38,1.415,2.505
39,1.907,3.099
40,3.376,3.671
41,3.936,4.432
42,4.612,5.147
43,5.584,5.961
44,5.953,6.729
45,7.460,7.542
46,7.896,8.290
47,9.132,8.929
48,9.557,9.413
49,10.765,9.724
50,11.042,9.792
51,10.971,9.927
52,10.542,10.095
53,9.428,10.107
54,8.229,9.934
55,9.288,9.888
56,10.658,9.950
57,9.672,9.932
58,9.202,9.905
59,10.662,10.096
60,11.468,10.295
61,10.392,10.197
62,9.160,10.113
63,10.111,10.263
64,11.080,10.221
65,9.770,9.917
66,8.842,9.901
67,10.591,10.166
68,10.293,10.035
69,8.750,9.705
70,10.248,9.430
71,11.481,9.279
72,8.850,8.844
73,8.011,8.430
74,6.940,8.204
75,7.256,7.714
76,6.422,7.022
77,6.448,6.683
78,6.537,6.574
79,5.906,6.570
80,6.325,6.634
81,6.048,6.881
82,7.150,7.223
83,6.910,7.406
84,7.762,7.572
85,8.439,7.593
86,9.223,7.660
87,8.168,7.515
88,7.569,7.431
89,6.553,7.181
90,6.758,6.852
91,5.608,6.370
92,6.034,5.915
93,5.227,5.537
94,5.445,5.377
95,5.267,5.187
96,4.049,5.138
97,4.283,5.135
98,5.217,5.309
99,5.252,5.424
100,5.188,5.598
101,6.016,6.009
102,6.604,6.418
103,6.389,6.679
104,6.704,7.051
105,7.706,7.582
106,8.003,8.023
107,7.612,8.385
108,8.582,8.910
109,9.842,9.470
110,9.905,9.900
111,9.851,10.335
112,11.071,11.002
113,11.725,11.523
114,11.596,11.809
115,11.968,12.132
116,13.638,12.565
117,13.390,12.782
118,12.525,12.799
119,12.952,12.941
120,13.905,13.105
121,13.111,12.931
122,11.895,12.788
123,12.934,12.569
124,13.484,12.155
125,12.046,11.527
126,12.089,10.868
127,10.347,10.252
128,8.697,9.567
129,7.713,8.509
130,6.240,7.537
131,4.949,6.386
132,6.714,5.411
133,3.115,4.605
134,2.179,3.894
135,1.371,3.406
136,1.876,3.174
137,1.735,2.573
138,2.253,2.739
139,2.624,3.024
140,3.285,3.494
141,3.739,3.902
142,4.198,4.320
143,4.420,4.699
144,5.430,5.033
145,5.535,5.263
146,5.827,5.404
147,5.984,5.441
148,6.014,5.503
149,5.667,5.507
150,5.241,5.450
151,4.612,5.336
152,5.060,5.257
153,5.467,5.168
154,5.007,5.048
155,4.787,4.997
156,5.311,5.079
157,5.275,5.086
158,4.593,4.967
159,4.784,4.879
160,5.356,4.838
161,5.117,4.710
162,4.380,4.502
163,4.152,4.372
164,4.393,4.224
165,4.157,3.941
166,3.253,3.627
167,3.263,3.379
168,3.383,3.168
169,2.809,2.898
170,2.205,2.794
171,1.868,2.815
172,2.204,2.830
173,2.134,2.897
174,3.457,3.011
175,3.409,3.250
176,3.377,3.567
177,3.864,3.914
178,3.731,4.307
179,4.282,4.610
180,4.788,4.983
181,5.311,5.321
182,5.799,5.650
183,6.026,5.952
184,6.620,6.239
185,6.539,6.485
186,6.885,6.687
187,6.740,6.870
188,7.062,7.062
189,7.147,7.187
190,7.218,7.337
191,7.486,7.475
192,7.770,7.652
193,7.736,7.789
194,7.892,7.890
195,8.112,7.933
196,8.339,7.913
197,8.302,7.902
198,8.088,7.969
199,7.623,7.969
200,7.299,7.902
201,7.665,7.866
202,8.330,7.860
203,7.891,7.839
204,7.498,7.870
205,8.029,8.009
206,8.255,8.115
207,7.902,8.087
208,7.906,8.111
209,8.547,8.181
210,8.616,8.263
211,8.081,8.359
212,8.104,8.504
213,8.157,8.672
214,8.751,8.821
215,9.082,9.022
216,9.193,9.271
217,9.407,9.485
218,9.820,9.704
219,10.326,9.887
220,10.308,10.055
221,10.086,10.258
222,10.217,10.444
223,10.435,10.591
224,10.608,10.645
225,11.030,10.693
226,11.099,10.748
227,11.146,10.764
228,10.816,10.718
229,10.749,10.618
230,10.596,10.461
231,10.371,10.251
232,10.000,10.048
233,9.659,9.824
234,9.579,9.571
235,9.171,9.277
236,9.339,9.027
237,8.763,8.785
238,8.458,8.571
239,7.894,8.351
240,8.145,8.236
241,7.821,8.112
242,7.740,8.017
243,7.631,7.974
244,8.182,8.057
245,8.306,8.102
246,7.942,8.214
247,8.082,8.321
248,8.614,8.479
249,8.543,8.649
250,8.808,8.825
251,8.704,9.000
252,9.066,9.140
253,9.649,9.248
254,9.837,9.386
255,9.542,9.455
256,9.390,9.473
257,9.595,9.408
258,9.803,9.237
259,9.449,9.035
260,8.878,8.896
261,8.438,8.720
262,8.024,8.471
263,7.976,8.169
264,8.285,7.908
265,7.763,7.691
266,7.320,7.471
267,7.131,7.260
268,7.175,6.988
269,6.949,6.661
270,6.419,6.349
271,6.041,6.064
272,5.355,5.735
273,5.338,5.357
274,4.869,4.987
275,4.668,4.662
276,3.988,4.374
277,3.698,4.172
278,3.723,3.952
279,3.608,3.805
280,3.618,3.753
281,3.624,3.812
282,3.517,3.882
283,3.670,3.931
284,4.269,3.937
285,4.466,3.921
286,4.305,3.844
287,4.158,3.772
288,3.664,3.639
289,3.462,3.397
290,2.783,3.122
291,2.721,2.857
292,2.146,2.554
293,1.706,2.279
294,1.957,2.024
295,2.067,1.856
296,1.586,1.687
297,1.220,1.617
298,1.445,1.612
299,1.373,1.604
300,1.422,1.638
301,1.586,1.759
302,1.664,1.929
303,1.900,2.116
304,2.292,2.331
305,2.495,2.561
306,2.671,2.855
307,2.979,3.134
308,3.239,3.409
309,3.489,3.696
310,4.103,3.970
311,4.217,4.276
312,4.455,4.579
313,4.856,4.824
314,5.012,5.068
315,5.465,5.269
316,5.744,5.475
317,5.591,5.551
318,5.820,5.542
319,5.965,5.465
320,6.142,5.301
321,5.225,5.054
322,4.771,4.803
323,4.175,4.463
324,3.738,4.055
325,3.155,3.527
326,3.006,3.112
327,2.346,2.736
328,2.071,2.422
329,1.298,2.127
330,1.588,1.899
331,1.719,1.683
332,1.701,1.563
333,1.369,1.466
334,1.305,1.455
335,1.435,1.413
336,1.421,1.353
337,1.281,1.277
338,1.182,1.240
339,1.195,1.213
340,1.207,1.160
341,1.049,1.104
342,1.022,1.059
343,1.050,1.034
344,0.958,1.015
345,0.943,0.996
346,0.868,1.012
347,0.962,0.998
348,1.037,0.997
349,1.055,0.997
350,1.179,1.032
351,0.890,1.019
352,1.044,1.026
353,0.958,1.052
354,1.232,1.044
355,0.718,1.038
356,1.029,1.129
357,1.248,1.206
358,0.982,1.268
359,1.130,1.239
360,1.600,1.247
361,1.652,1.220
362,1.512,1.161
363,0.929,1.127
364,0.839,1.069
365,0.674,0.948
366,0.548,0.799
367,0.501,0.654
368,0.364,0.631
369,0.611,0.672
370,0.622,0.697
371,0.622,0.685
372,0.769,0.694
373,1.089,0.753
374,0.874,0.771
375,0.389,0.747
376,0.604,0.741
377,0.951,0.736
378,0.785,0.670
379,0.236,0.610
380,0.550,0.634
381,0.731,0.634
382,0.584,0.586
383,0.283,0.567
384,0.650,0.582
385,0.602,0.587
386,0.612,0.583
387,0.647,0.609
388,0.462,0.700
389,0.599,0.715
390,0.697,0.700
391,0.786,0.686
392,1.075,0.687
393,0.784,0.693
394,0.414,0.673
395,0.447,0.677
396,0.660,0.671
397,0.532,0.600
398,0.343,0.632
399,0.726,0.807
400,0.741,0.913
401,0.589,0.938
402,0.981,0.972
403,1.563,1.014
404,1.353,1.017
405,0.928,1.005
406,0.935,1.042
407,0.924,1.132
408,0.769,1.134
409,0.579,1.127
410,1.013,1.307
411,1.647,1.526
412,1.577,1.681
413,1.300,1.829
414,2.194,2.128
415,2.537,2.383
416,2.310,2.526
417,2.298,2.693
418,3.313,2.850
419,3.371,2.945
420,3.007,3.038
421,3.213,3.106
422,3.087,3.166
423,3.125,3.062
424,3.382,2.969
425,3.014,2.985
426,2.947,2.945
427,2.264,2.865
428,2.512,2.840
429,3.152,2.830
430,2.859,2.781
431,2.310,2.736
432,2.914,2.889
433,3.303,3.025
434,2.577,3.009
435,2.536,3.064
436,3.591,3.313
437,3.683,3.414
438,3.007,3.292
439,3.346,3.288
440,4.430,3.421
441,3.821,3.410
442,1.890,3.257
443,2.521,3.204
444,3.804,3.141
445,3.500,2.881
446,2.090,2.654
447,2.439,2.624
448,2.756,2.503
449,2.358,2.175
450,1.814,1.854
451,1.452,1.738
452,0.883,1.580
453,0.829,1.323
454,0.772,1.072
455,0.783,0.904
456,1.114,0.888
457,0.935,1.049
458,0.378,1.259
459,0.564,1.392
460,1.359,1.380
461,1.893,1.351
462,2.249,1.328
463,1.938,1.324
464,0.565,1.324
465,0.721,1.264
466,0.572,1.100
467,0.202,0.819
468,0.577,0.554
469,0.659,0.535
470,0.315,0.486
471,0.457,0.448
472,0.692,0.464
473,0.366,0.462
474,0.266,0.451
475,0.085,0.485
476,0.413,0.518
477,0.564,0.527
478,0.583,0.653
479,0.621,0.764
480,0.713,0.840
481,0.753,0.911
482,1.211,1.049
483,1.218,1.188
484,1.054,1.244
485,1.138,1.266
486,1.660,1.347
487,1.772,1.382
488,1.266,1.367
489,1.004,1.371
490,1.570,1.379
491,1.527,1.285
492,1.052,1.153
493,1.100,1.104
494,1.226,1.087
495,0.697,1.299
496,0.498,3.626
497,0.781,5.821
498,0.821,7.623
499,2.650,9.028
500,10.271,9.432
501,13.700,9.605
502,14.806,9.617
503,14.565,9.749
504,8.221,9.725
505,5.461,9.123
506,1.635,7.946
507,4.879,6.283
508,1.689,4.071
509,1.803,3.061
510,2.620,2.483
511,2.498,2.439
512,2.457,1.845
513,1.674,1.791
514,0.989,1.716
515,0.848,1.499
516,0.950,1.288
517,1.033,1.102
518,0.946,1.049
519,0.753,1.081
520,0.981,1.150
521,1.427,1.239
522,1.335,1.301
523,1.258,1.418
524,1.450,1.540
525,1.680,1.622
526,1.573,1.692
527,1.939,1.756
528,1.952,1.852
529,1.821,1.933
530,2.027,1.985
531,1.943,2.071
532,2.167,2.157
533,2.203,2.199
534,2.157,2.214
535,2.374,2.188
536,2.653,2.181
537,2.334,2.129
538,1.977,2.057
539,1.757,2.009
540,1.867,1.924
541,1.633,1.761
542,1.465,1.642
543,1.702,1.581
544,1.623,1.528
545,1.280,1.449
546,1.341,1.414
547,1.459,1.426
548,1.269,1.367
549,1.175,1.320
550,1.328,1.363
551,1.566,1.408
552,1.187,1.473
553,1.221,1.505
554,1.637,1.525
555,1.709,1.560
556,1.956,1.662
557,1.570,1.776
558,1.389,1.944
559,1.650,1.962
560,2.325,2.046
561,2.221,1.976
562,2.669,1.936
563,1.823,1.889
564,2.437,1.832
565,1.138,1.680
566,1.027,1.543
567,0.570,1.341
568,0.892,1.271
569,0.791,1.075
570,0.970,1.170
571,1.376,1.288
572,1.296,1.503
573,1.339,1.774
574,1.791,2.090
575,1.916,2.391
576,2.392,2.701
577,2.963,3.046
578,3.407,3.327
579,3.617,3.612
580,4.012,3.827
581,4.419,4.027
582,4.231,4.128
583,4.586,4.151
584,4.252,4.164
585,4.459,4.135
586,4.022,4.008
587,3.642,3.920
588,3.750,3.814
589,3.738,3.697
590,3.193,3.498
591,3.412,3.390
592,3.695,3.368
593,3.190,3.262
594,2.645,3.138
595,3.076,3.133
596,3.457,3.156
597,2.779,3.073
598,2.610,3.017
599,3.155,3.082
600,3.591,3.084
601,3.004,2.970
602,2.670,2.937
603,3.251,2.945
604,3.086,2.901
605,2.401,2.796
606,2.448,2.788
607,2.681,2.850
608,2.766,2.848
609,2.739,2.862
610,2.940,2.966
611,3.205,3.022
612,3.233,2.986
613,3.198,2.927
614,3.355,2.931
615,3.000,2.975
616,2.284,2.999
617,2.123,3.165
618,2.778,3.272
619,3.315,3.292
620,3.401,3.310
621,4.437,3.362
622,4.055,3.396
623,3.523,3.376
624,3.174,3.284
625,2.889,3.166
626,2.561,2.888
627,2.554,2.641
628,2.340,2.490
629,2.166,2.359
630,2.128,2.244
631,2.040,2.176
632,2.335,2.176
633,2.085,2.180
634,1.893,2.241
635,1.961,2.317
636,2.558,2.364
637,2.374,2.378
638,2.665,2.375
639,2.768,2.361
640,2.477,2.305
641,2.453,2.164
642,2.063,2.069
643,1.729,1.929
644,1.214,1.725
645,0.945,1.552
646,1.413,1.459
647,1.443,1.427
648,0.972,1.373
649,1.014,1.402
650,1.872,1.578
651,1.846,1.687
652,1.278,1.762
653,1.485,1.928
654,2.366,2.157
655,2.282,2.254
656,2.102,3.011
657,2.543,3.131
658,3.073,3.194
659,2.709,3.283
660,6.269,3.211
661,2.869,3.140
662,2.415,3.020
664,1.197,2.686
665,0.914,1.571
666,0.732,1.237
667,0.665,0.915
668,1.045,0.885
669,1.162,0.863
670,0.848,0.989
671,0.546,1.211
672,0.594,1.572
673,1.040,1.941
674,1.712,2.530
675,2.223,3.164
676,3.078,3.541
677,3.573,3.688
678,5.005,3.955
679,5.765,4.258
680,4.801,4.632
681,3.143,5.114
682,4.415,5.685
683,5.032,6.247
684,5.906,6.856
685,7.194,7.468
686,8.263,8.042
687,9.240,8.431
688,10.250,8.619
689,10.095,8.699
690,9.489,8.707
691,8.781,8.541
692,7.361,8.157
693,6.883,7.630
694,7.278,7.115
695,6.524,6.550
696,5.251,5.997
697,5.495,5.703
698,5.791,5.442
699,4.542,4.994
700,3.820,4.661
701,4.824,4.630
702,4.608,4.489
703,3.294,4.236
704,3.698,4.289
705,4.991,4.638
706,4.321,5.103
707,3.696,5.660
708,4.968,6.041
709,6.531,6.266
710,8.002,6.192
711,8.670,6.078
712,7.143,5.963
713,6.209,5.769
714,4.082,5.390
715,2.465,4.874
716,1.087,4.094
717,2.033,3.644
718,2.151,3.296
719,4.048,3.316
720,3.488,3.510
721,4.443,3.870
722,4.096,4.242
723,4.231,4.608
724,4.240,4.935
725,5.010,5.299
726,5.592,5.537
727,5.810,5.930
728,6.673,6.254
729,6.754,6.587
730,6.554,6.844
731,7.577,7.054
732,7.308,7.284
733,7.517,7.455
734,7.488,7.612
735,7.585,7.760
736,7.970,7.765
737,8.199,7.784
738,8.173,7.760
739,7.966,7.711
740,7.625,7.686
741,7.491,7.581
742,7.282,7.430
743,7.025,7.272
744,7.347,7.160
745,7.014,7.014
746,6.840,6.895
747,6.773,6.807
748,6.994,6.752
749,6.289,6.611
750,6.417,6.419
751,6.494,6.274
752,6.531,6.207
753,6.080,6.127
754,5.174,6.213
755,5.496,6.286
756,6.187,6.335
757,6.327,6.404
758,7.008,6.529
759,7.032,6.705
760,6.911,6.861
761,7.112,6.959
762,7.177,6.979
763,6.910,6.931
764,7.016,6.855
765,7.103,6.798
766,6.523,6.741
767,6.561,6.644
768,6.331,6.610
769,6.381,6.537
770,6.606,6.463
771,6.315,6.461
772,6.609,6.396
773,6.366,6.380
774,6.463,6.384
775,6.506,6.315
776,5.960,6.250
777,6.186,6.157
778,6.413,6.118
779,5.985,6.128
780,5.704,6.139
781,5.769,6.230
782,6.019,6.297
783,6.550,6.368
784,6.597,6.485
785,6.755,6.664
786,6.771,6.836
787,7.018,7.049
788,7.024,7.212
789,7.328,7.393
790,7.361,7.591
791,7.927,7.768
792,7.985,7.896
793,8.209,7.985
794,8.502,8.031
795,8.389,8.042
796,8.199,7.961
797,7.880,7.854
798,7.769,7.764
799,7.469,7.621
800,7.153,7.434
801,6.964,7.233
802,7.402,7.065
803,7.239,6.792
804,6.711,6.536
805,6.380,6.299
806,6.368,6.055
807,5.120,5.772
808,5.006,5.541
809,4.888,5.386
810,4.623,5.275
811,4.960,5.273
812,5.379,5.399
813,5.459,5.615
814,5.479,5.800
815,6.355,6.191
816,6.189,6.718
817,6.818,7.094
818,6.545,7.311
819,7.974,7.379
820,9.265,7.240
821,8.696,7.050
822,7.618,6.745
823,6.243,6.415
824,4.704,6.057
825,3.720,5.635
826,2.928,5.555
827,1.957,5.757
828,4.829,6.427
829,6.441,7.381
830,8.219,8.179
831,8.864,8.822
832,10.605,9.230
833,11.860,9.618
834,11.206,10.017
835,10.347,10.064
836,8.372,10.051
837,9.435,10.034
838,10.584,9.834
839,8.721,9.542
840,8.734,9.471
841,10.460,9.774
842,10.234,9.752
843,8.640,9.606
844,9.748,9.794
845,11.069,9.741
846,9.230,9.435
847,9.300,9.212
848,10.438,9.347
849,8.184,9.335
850,7.521,8.985
851,8.212,8.877
852,9.858,8.607
853,9.641,8.154
854,8.052,7.880
855,8.238,7.614
856,6.634,7.190
857,6.370,6.484
858,5.238,5.814
859,4.408,5.431
860,3.317,4.944
861,3.206,4.807
862,4.330,4.889
863,5.108,5.074
864,4.736,5.390
865,5.656,5.622
866,6.907,5.568
867,6.635,5.389
868,7.014,5.131
869,5.834,4.894
870,2.183,4.521
871,1.077,3.905
872,1.292,3.228
873,0.986,2.232
874,0.637,1.117
875,1.014,0.913
876,0.741,0.869
877,0.479,0.826
878,0.667,0.884
879,1.023,0.914
880,0.676,0.907
881,1.000,0.960
882,1.371,1.057
883,0.939,1.137
884,0.954,1.184
885,1.201,1.314
886,1.414,1.530
887,1.419,1.683
888,1.428,1.767
889,1.838,1.812
890,2.553,1.810
891,2.512,1.884
892,1.870,2.010
893,1.529,2.026
894,1.174,2.003
895,2.112,1.871
896,2.538,1.705
897,1.621,1.614
898,1.596,1.561
899,1.383,1.546
900,0.978,1.389
901,0.878,1.122
902,0.912,1.011
903,0.988,0.947
904,0.554,0.884
905,0.637,0.894
906,0.703,0.942
907,1.187,0.933
908,0.941,0.953
909,1.053,1.049
910,1.252,1.107
911,0.829,1.138
912,1.141,1.204
913,1.427,1.316
914,1.245,1.383
915,1.054,1.441
916,1.675,1.466
917,1.847,1.481
918,1.660,1.453
919,1.739,1.453
920,1.167,1.479
921,1.302,1.392
922,1.135,1.269
923,1.246,1.172
924,1.338,1.050
925,0.753,1.089
926,0.678,1.119
927,0.795,1.149
928,0.755,1.166
929,1.455,1.249
930,1.515,1.314
931,1.374,1.324
932,1.381,1.427
933,1.896,1.531
934,1.441,1.469
935,0.834,1.413
936,1.787,1.388
937,1.823,1.336
938,0.674,1.188
939,0.923,1.159
940,1.119,1.134
941,0.797,0.979
942,0.467,0.824
943,1.215,0.872
944,0.403,0.898
945,0.506,0.935
946,0.897,1.015
947,1.087,1.133
948,1.130,1.216
949,1.362,1.587
950,1.431,2.222
951,1.579,2.433
952,1.799,2.518
953,3.083,2.560
954,4.696,2.593
955,3.103,2.637
956,2.232,2.676
957,1.782,2.673
958,1.842,2.511
959,2.029,2.028
960,2.087,1.802
961,1.764,1.689
962,1.387,1.619
963,1.521,1.551
964,1.360,1.457
965,1.197,1.317
966,1.040,1.217
967,1.208,1.177
968,1.252,1.121
969,0.930,1.062
970,0.915,1.021
971,1.028,0.999
972,1.077,0.953
973,0.834,0.879
974,0.814,0.884
975,0.826,0.894
976,0.801,0.842
977,0.590,0.789
978,0.972,0.835
979,1.003,0.866
980,0.487,0.851
981,0.619,0.849
982,1.172,0.905
983,1.063,0.888
984,0.679,0.847
985,0.780,0.890
986,1.112,0.910
987,0.812,0.871
988,0.610,0.856
989,0.951,0.887
990,0.844,0.876
991,0.858,0.833
992,0.953,0.803
993,0.969,0.792
994,0.666,0.749
995,0.749,0.716
996,0.476,0.661
997,0.459,0.603
998,0.561,0.564
999,0.516,0.570
1000,0.247,0.525
1001,0.496,0.543
1002,0.732,0.580
1003,0.708,0.658
1004,0.344,0.758
1005,0.635,0.847
1006,0.761,0.873
1007,1.089,0.963
1008,1.238,1.064
1009,1.165,1.102
1010,0.806,1.126
1011,1.418,1.129
1012,1.533,1.079
1013,0.923,1.057
1014,0.948,1.056
1015,0.793,1.085
1016,0.439,1.043
1017,1.053,1.045
1018,1.163,1.132
1019,1.094,1.151
1020,1.104,1.217
1021,1.545,1.380
1022,1.600,1.456
1023,1.133,1.453
1024,1.428,1.511
1025,1.999,1.589
1026,1.745,1.657
1027,1.126,1.721
1028,1.660,2.095
1029,1.838,2.164
1030,2.091,2.187
1031,2.122,2.252
1032,3.763,2.415
