pdb,chain,ligand,depth_from_entrance_A,radius_min_A,radius_mean_A,n_points
Amp_MexB_20260826,E,Ampicillin,0.50,3.07,3.37,8
Amp_MexB_20260826,E,Ampicillin,1.50,3.77,3.97,7
Amp_MexB_20260826,E,Ampicillin,2.50,4.19,4.23,7
Amp_MexB_20260826,E,Ampicillin,3.50,4.19,4.22,7
Amp_MexB_20260826,E,Ampicillin,4.50,4.12,4.15,8
Amp_MexB_20260826,E,Ampicillin,5.50,4.05,4.07,7
Amp_MexB_20260826,E,Ampicillin,6.50,4.06,4.08,8
Amp_MexB_20260826,E,Ampicillin,7.50,4.14,4.17,7
Amp_MexB_20260826,E,Ampicillin,8.50,4.11,4.13,8
Amp_MexB_20260826,E,Ampicillin,9.50,4.07,4.09,7
Amp_MexB_20260826,E,Ampicillin,10.50,4.09,4.14,8
Amp_MexB_20260826,E,Ampicillin,11.50,4.20,4.25,7
Amp_MexB_20260826,E,Ampicillin,12.50,4.03,4.17,8
Amp_MexB_20260826,E,Ampicillin,13.50,3.78,3.86,10
Amp_MexB_20260826,E,Ampicillin,14.50,3.93,4.05,7
Amp_MexB_20260826,E,Ampicillin,15.50,4.05,4.14,8
Amp_MexB_20260826,E,Ampicillin,16.50,3.74,3.87,7
Amp_MexB_20260826,E,Ampicillin,17.50,3.36,3.52,8
Amp_MexB_20260826,E,Ampicillin,18.50,3.10,3.21,8
Amp_MexB_20260826,E,Ampicillin,19.50,2.97,3.02,7
Amp_MexB_20260826,E,Ampicillin,20.50,2.86,2.91,7
Amp_MexB_20260826,E,Ampicillin,21.50,2.70,2.77,8
Amp_MexB_20260826,E,Ampicillin,22.50,2.66,2.68,8
Amp_MexB_20260826,E,Ampicillin,23.50,2.55,2.59,8
Amp_MexB_20260826,E,Ampicillin,24.50,2.53,2.54,8
Amp_MexB_20260826,E,Ampicillin,25.50,2.56,2.58,8
Amp_MexB_20260826,E,Ampicillin,26.50,2.39,2.47,7
Amp_MexB_20260826,E,Ampicillin,27.50,2.29,2.31,8
Amp_MexB_20260826,E,Ampicillin,28.50,2.28,2.29,8
Amp_MexB_20260826,E,Ampicillin,29.50,2.31,2.37,8
Amp_MexB_20260826,E,Ampicillin,30.50,2.46,2.59,8
Amp_MexB_20260826,E,Ampicillin,31.50,2.63,2.71,8
Amp_MexB_20260826,E,Ampicillin,32.50,2.29,2.43,9
Amp_MexB_20260826,E,Ampicillin,33.50,2.21,2.23,7
Amp_MexB_20260826,E,Ampicillin,34.50,2.21,2.26,8
Amp_MexB_20260826,E,Ampicillin,35.50,2.34,2.44,8
Amp_MexB_20260826,E,Ampicillin,36.50,2.59,2.70,7
Amp_MexB_20260826,E,Ampicillin,37.50,2.84,2.95,8
Amp_MexB_20260826,E,Ampicillin,38.50,3.08,3.20,8
Amp_MexB_20260826,E,Ampicillin,39.50,3.33,3.42,7
Amp_MexB_20260826,E,Ampicillin,40.50,3.55,3.69,7
Amp_MexB_20260826,E,Ampicillin,41.50,3.90,4.07,8
Amp_MexB_20260826,E,Ampicillin,42.50,4.26,4.33,7
Amp_MexB_20260826,E,Ampicillin,43.50,4.27,4.31,9
Amp_MexB_20260826,E,Ampicillin,44.50,4.21,4.24,8
Amp_MexB_20260826,E,Ampicillin,45.50,3.97,4.08,9
Amp_MexB_20260826,E,Ampicillin,46.50,3.87,3.90,8
Amp_MexB_20260826,E,Ampicillin,47.50,3.70,3.80,8
Amp_MexB_20260826,E,Ampicillin,48.50,3.40,3.54,8
Amp_MexB_20260826,E,Ampicillin,49.50,3.24,3.30,7
Amp_MexB_20260826,E,Ampicillin,50.50,3.22,3.23,8
Amp_MexB_20260826,E,Ampicillin,51.50,3.10,3.17,7
Amp_MexB_20260826,E,Ampicillin,52.50,2.88,2.96,7
Amp_MexB_20260826,E,Ampicillin,53.50,2.85,2.86,8
Amp_MexB_20260826,E,Ampicillin,54.50,2.88,2.95,7
Amp_MexB_20260826,E,Ampicillin,55.50,3.08,3.20,9
Amp_MexB_20260826,E,Ampicillin,56.50,3.11,3.15,8
Amp_MexB_20260826,E,Ampicillin,57.50,3.10,3.11,7
Amp_MexB_20260826,E,Ampicillin,58.50,3.07,3.11,8
Amp_MexB_20260826,E,Ampicillin,59.50,3.10,3.13,9
Amp_MexB_20260826,E,Ampicillin,60.50,3.22,3.31,8
Amp_MexB_20260826,E,Ampicillin,61.50,3.22,3.37,8
Amp_MexB_20260826,E,Ampicillin,62.50,2.64,2.89,7
21FO,B,CYMAL-7,34.50,1.21,1.72,5
21FO,B,CYMAL-7,35.50,2.38,2.63,5
21FO,B,CYMAL-7,39.50,2.90,2.90,1
21FO,B,CYMAL-7,41.50,2.97,3.15,21
21FO,B,CYMAL-7,42.50,2.92,3.47,12
21FO,B,CYMAL-7,43.50,2.26,2.97,31
21FO,B,CYMAL-7,44.50,2.37,3.34,26
21FO,B,CYMAL-7,45.50,2.50,2.78,10
21FO,B,CYMAL-7,46.50,2.61,2.65,3
21FO,B,CYMAL-7,47.50,2.47,2.54,7
21FO,B,CYMAL-7,48.50,2.42,2.44,3
21FO,B,CYMAL-7,49.50,2.20,2.32,5
21FO,B,CYMAL-7,50.50,1.94,2.01,7
21FO,B,CYMAL-7,51.50,1.95,1.98,13
21FP,B,Chloramphenicol,26.50,2.61,3.27,36
21FP,B,Chloramphenicol,27.50,2.56,2.57,3
21FP,B,Chloramphenicol,28.50,2.53,2.54,3
21FP,B,Chloramphenicol,29.50,2.53,2.53,3
21FP,B,Chloramphenicol,30.50,2.54,2.72,16
21FP,B,Chloramphenicol,32.50,3.07,3.17,5
21FP,B,Chloramphenicol,33.50,3.34,3.46,9
21FP,B,Chloramphenicol,34.50,3.57,3.60,6
21FP,B,Chloramphenicol,35.50,3.57,3.59,9
21FP,B,Chloramphenicol,36.50,3.56,3.56,6
21FP,B,Chloramphenicol,37.50,3.59,3.59,1
21FP,B,Chloramphenicol,38.50,3.61,3.70,8
21FP,B,Chloramphenicol,39.50,3.79,3.84,9
21FP,B,Chloramphenicol,40.50,3.79,3.81,15
21FP,B,Chloramphenicol,41.50,3.59,3.87,46
21FP,B,Chloramphenicol,42.50,3.58,3.62,3
21FP,B,Chloramphenicol,44.50,3.21,3.38,9
21FP,B,Chloramphenicol,45.50,2.82,3.00,10
21FP,B,Chloramphenicol,46.50,2.66,2.72,6
21FP,B,Chloramphenicol,47.50,2.52,2.58,12
21FP,B,Chloramphenicol,48.50,2.46,2.49,5
21FP,B,Chloramphenicol,49.50,2.37,2.41,7
21FP,B,Chloramphenicol,50.50,2.35,2.42,12
21FP,B,Chloramphenicol,51.50,2.56,2.66,55
21FP,B,Chloramphenicol,61.50,2.42,2.76,38
21FP,B,Chloramphenicol,62.50,3.21,3.30,9
2V50,B,DDM,20.50,3.77,3.79,10
2V50,B,DDM,26.50,3.54,3.70,47
2V50,B,DDM,27.50,3.64,3.71,9
2V50,B,DDM,28.50,3.81,3.90,15
2V50,B,DDM,29.50,3.79,3.89,8
2V50,B,DDM,30.50,3.67,3.72,8
2V50,B,DDM,31.50,3.63,3.65,6
2V50,B,DDM,32.50,3.32,3.45,8
2V50,B,DDM,33.50,3.16,3.22,8
2V50,B,DDM,34.50,2.91,3.07,10
2V50,B,DDM,35.50,2.37,2.55,15
2V50,B,DDM,38.50,2.38,2.38,1
2V50,B,DDM,39.50,2.38,2.42,6
2V50,B,DDM,42.50,3.39,3.43,5
2V50,B,DDM,43.50,2.50,3.41,50
2V50,B,DDM,44.50,3.73,3.75,8
2V50,B,DDM,45.50,3.78,3.79,6
2V50,B,DDM,46.50,3.75,3.79,8
2V50,B,DDM,47.50,3.63,3.69,8
2V50,B,DDM,48.50,3.44,3.52,8
2V50,B,DDM,49.50,3.43,3.45,9
2V50,B,DDM,50.50,3.52,3.59,8
2V50,B,DDM,51.50,2.60,3.03,37
2V50,B,DDM,61.50,2.56,3.08,35
MexB_DDM_3_20260730,E,DDM x3,18.50,4.28,4.30,3
MexB_DDM_3_20260730,E,DDM x3,19.50,3.92,4.13,18
MexB_DDM_3_20260730,E,DDM x3,20.50,3.57,3.71,22
MexB_DDM_3_20260730,E,DDM x3,21.50,3.59,3.60,2
MexB_DDM_3_20260730,E,DDM x3,25.50,3.40,3.47,5
MexB_DDM_3_20260730,E,DDM x3,26.50,2.60,3.13,39
MexB_DDM_3_20260730,E,DDM x3,27.50,2.48,2.52,5
MexB_DDM_3_20260730,E,DDM x3,28.50,2.43,2.44,7
MexB_DDM_3_20260730,E,DDM x3,29.50,2.44,2.49,10
MexB_DDM_3_20260730,E,DDM x3,30.50,2.59,2.69,10
MexB_DDM_3_20260730,E,DDM x3,31.50,2.73,2.74,7
MexB_DDM_3_20260730,E,DDM x3,32.50,2.76,2.79,11
MexB_DDM_3_20260730,E,DDM x3,33.50,2.76,2.77,9
MexB_DDM_3_20260730,E,DDM x3,34.50,2.78,2.81,11
MexB_DDM_3_20260730,E,DDM x3,35.50,2.88,3.06,12
MexB_DDM_3_20260730,E,DDM x3,36.50,3.35,3.35,1
MexB_DDM_3_20260730,E,DDM x3,38.50,3.40,3.42,2
MexB_DDM_3_20260730,E,DDM x3,39.50,3.51,3.66,9
MexB_DDM_3_20260730,E,DDM x3,40.50,3.86,3.94,13
MexB_DDM_3_20260730,E,DDM x3,41.50,3.97,4.12,51
MexB_DDM_3_20260730,E,DDM x3,42.50,4.06,4.12,10
MexB_DDM_3_20260730,E,DDM x3,43.50,3.88,4.06,22
MexB_DDM_3_20260730,E,DDM x3,44.50,4.19,4.21,7
MexB_DDM_3_20260730,E,DDM x3,45.50,4.25,4.27,9
MexB_DDM_3_20260730,E,DDM x3,46.50,4.08,4.18,8
MexB_DDM_3_20260730,E,DDM x3,47.50,3.84,3.95,7
MexB_DDM_3_20260730,E,DDM x3,48.50,3.40,3.60,9
MexB_DDM_3_20260730,E,DDM x3,49.50,3.05,3.17,8
MexB_DDM_3_20260730,E,DDM x3,50.50,2.92,2.96,7
MexB_DDM_3_20260730,E,DDM x3,51.50,2.92,3.09,18
MexB_DDM_3_20260730,E,DDM x3,52.50,3.47,3.73,9
MexB_DDM_3_20260730,E,DDM x3,61.50,3.98,4.13,51
MexB_DDM_3_20260730,E,DDM x3,62.50,3.41,3.64,5
3W9J,B,EPI,19.50,3.25,3.26,3
3W9J,B,EPI,20.50,3.02,3.17,21
3W9J,B,EPI,25.50,3.00,3.00,2
3W9J,B,EPI,26.50,1.81,2.29,76
3W9J,B,EPI,30.50,2.02,2.03,7
3W9J,B,EPI,32.50,2.00,2.00,1
3W9J,B,EPI,33.50,1.92,1.95,5
3W9J,B,EPI,35.50,1.90,1.90,2
3W9J,B,EPI,36.50,1.90,1.94,19
3W9J,B,EPI,37.50,1.86,2.16,33
3W9J,B,EPI,38.50,2.72,2.95,12
3W9J,B,EPI,39.50,3.21,3.32,7
3W9J,B,EPI,40.50,3.46,3.54,18
3W9J,B,EPI,41.50,3.30,3.63,45
3W9J,B,EPI,42.50,3.34,3.46,8
3W9J,B,EPI,44.50,3.12,3.21,12
3W9J,B,EPI,45.50,3.08,3.09,7
3W9J,B,EPI,46.50,3.07,3.07,6
3W9J,B,EPI,47.50,3.08,3.11,11
3W9J,B,EPI,48.50,3.18,3.23,10
3W9J,B,EPI,49.50,3.26,3.27,7
3W9J,B,EPI,50.50,3.26,3.27,7
3W9J,B,EPI,51.50,3.02,3.23,21
3W9J,B,EPI,52.50,2.96,2.98,4
3W9J,B,EPI,57.50,1.48,1.65,5
3W9J,B,EPI,58.50,1.92,2.24,8
3W9J,B,EPI,60.50,2.63,2.63,1
3W9J,B,EPI,61.50,2.67,2.92,20
6IIA,B,LMNG,19.50,4.13,4.14,6
6IIA,B,LMNG,20.50,4.02,4.07,17
6IIA,B,LMNG,25.50,4.00,4.00,1
6IIA,B,LMNG,26.50,3.06,3.65,43
6IIA,B,LMNG,27.50,2.98,3.00,3
6IIA,B,LMNG,28.50,2.92,2.93,5
6IIA,B,LMNG,29.50,2.92,2.92,4
6IIA,B,LMNG,30.50,2.93,3.03,15
6IIA,B,LMNG,31.50,3.24,3.24,1
6IIA,B,LMNG,32.50,3.28,3.38,9
6IIA,B,LMNG,33.50,3.44,3.44,7
6IIA,B,LMNG,34.50,3.42,3.43,8
6IIA,B,LMNG,35.50,3.44,3.48,9
6IIA,B,LMNG,36.50,3.58,3.63,5
6IIA,B,LMNG,38.50,3.71,3.82,10
6IIA,B,LMNG,39.50,4.00,4.10,7
6IIA,B,LMNG,40.50,4.21,4.27,7
6IIA,B,LMNG,41.50,4.10,4.25,38
6IIA,B,LMNG,42.50,4.15,4.24,9
6IIA,B,LMNG,43.50,3.90,4.01,6
6IIA,B,LMNG,44.50,3.71,3.76,9
6IIA,B,LMNG,45.50,3.70,3.74,7
6IIA,B,LMNG,46.50,3.49,3.58,7
6IIA,B,LMNG,47.50,3.31,3.39,8
6IIA,B,LMNG,48.50,3.13,3.20,10
6IIA,B,LMNG,49.50,3.02,3.06,7
6IIA,B,LMNG,50.50,2.91,2.96,7
6IIA,B,LMNG,51.50,2.47,2.71,20
6IIA,B,LMNG,52.50,2.19,2.31,6
