pdb,chain,pocket,residues_present,aromatic,aliphatic,polar,charged,net_charge,mean_kyte_doolittle,sidechain_atoms,apolar_sidechain_atoms_pct,sequence
Amp_MexB_20260826,D,distal,14,8,6,0,0,0,2.63,76,98.7,FVFIAYFFVFFMFM
Amp_MexB_20260826,D,proximal,17,0,5,7,5,-1,-1.84,64,67.2,SRKEQSQDSPLLNPNEG
Amp_MexB_20260826,E,distal,14,8,6,0,0,0,2.63,76,98.7,FVFIAYFFVFFMFM
Amp_MexB_20260826,E,proximal,17,0,5,7,5,-1,-1.84,64,67.2,SRKEQSQDSPLLNPNEG
Amp_MexB_20260826,F,distal,14,8,6,0,0,0,2.63,76,98.7,FVFIAYFFVFFMFM
Amp_MexB_20260826,F,proximal,17,0,5,7,5,-1,-1.84,64,67.2,SRKEQSQDSPLLNPNEG
MexB_DDM_3_20260730,D,distal,14,8,6,0,0,0,2.63,76,98.7,FVFIAYFFVFFMFM
MexB_DDM_3_20260730,D,proximal,17,0,5,7,5,-1,-1.84,64,67.2,SRKEQSQDSPLLNPNEG
MexB_DDM_3_20260730,E,distal,14,8,6,0,0,0,2.63,76,98.7,FVFIAYFFVFFMFM
MexB_DDM_3_20260730,E,proximal,17,0,5,7,5,-1,-1.84,64,67.2,SRKEQSQDSPLLNPNEG
MexB_DDM_3_20260730,F,distal,14,8,6,0,0,0,2.63,76,98.7,FVFIAYFFVFFMFM
MexB_DDM_3_20260730,F,proximal,17,0,5,7,5,-1,-1.84,64,67.2,SRKEQSQDSPLLNPNEG
21FO,A,distal,14,8,6,0,0,0,2.63,76,98.7,FVFIAYFFVFFMFM
21FO,A,proximal,17,0,5,7,5,-1,-1.84,64,67.2,SRKEQSQDSPLLNPNEG
21FO,B,distal,14,8,6,0,0,0,2.63,76,98.7,FVFIAYFFVFFMFM
21FO,B,proximal,17,0,5,7,5,-1,-1.84,64,67.2,SRKEQSQDSPLLNPNEG
21FO,C,distal,14,8,6,0,0,0,2.63,76,98.7,FVFIAYFFVFFMFM
21FO,C,proximal,17,0,5,7,5,-1,-1.84,64,67.2,SRKEQSQDSPLLNPNEG
21FP,A,distal,14,8,6,0,0,0,2.63,76,98.7,FVFIAYFFVFFMFM
21FP,A,proximal,17,0,5,7,5,-1,-1.84,64,67.2,SRKEQSQDSPLLNPNEG
21FP,B,distal,14,8,6,0,0,0,2.63,76,98.7,FVFIAYFFVFFMFM
21FP,B,proximal,17,0,5,7,5,-1,-1.84,64,67.2,SRKEQSQDSPLLNPNEG
21FP,C,distal,14,8,6,0,0,0,2.63,76,98.7,FVFIAYFFVFFMFM
21FP,C,proximal,17,0,5,7,5,-1,-1.84,64,67.2,SRKEQSQDSPLLNPNEG
2V50,A,distal,14,8,6,0,0,0,2.63,76,98.7,FVFIAYFFVFFMFM
2V50,A,proximal,15,0,4,6,5,-1,-2.11,56,66.1,SRKEQSQDSPLPNEG
2V50,B,distal,14,8,6,0,0,0,2.63,76,98.7,FVFIAYFFVFFMFM
2V50,B,proximal,17,0,5,7,5,-1,-1.84,64,67.2,SRKEQSQDSPLLNPNEG
2V50,C,distal,14,8,6,0,0,0,2.63,76,98.7,FVFIAYFFVFFMFM
2V50,C,proximal,17,0,5,7,5,-1,-1.84,64,67.2,SRKEQSQDSPLLNPNEG
2V50,D,distal,14,8,6,0,0,0,2.63,76,98.7,FVFIAYFFVFFMFM
2V50,D,proximal,15,0,3,7,5,-1,-2.59,56,62.5,SRKEQSQDSPNPNEG
2V50,E,distal,14,8,6,0,0,0,2.63,76,98.7,FVFIAYFFVFFMFM
2V50,E,proximal,14,0,3,6,5,-1,-2.53,52,63.5,SRKEQSQDSPPNEG
2V50,F,distal,14,8,6,0,0,0,2.63,76,98.7,FVFIAYFFVFFMFM
2V50,F,proximal,17,0,5,7,5,-1,-1.84,64,67.2,SRKEQSQDSPLLNPNEG
3W9I,A,distal,14,8,6,0,0,0,2.63,76,98.7,FVFIAYFFVFFMFM
3W9I,A,proximal,17,0,5,7,5,-1,-1.84,64,67.2,SRKEQSQDSPLLNPNEG
3W9I,B,distal,14,8,6,0,0,0,2.63,76,98.7,FVFIAYFFVFFMFM
3W9I,B,proximal,17,0,5,7,5,-1,-1.84,64,67.2,SRKEQSQDSPLLNPNEG
3W9I,C,distal,14,8,6,0,0,0,2.63,76,98.7,FVFIAYFFVFFMFM
3W9I,C,proximal,17,0,5,7,5,-1,-1.84,64,67.2,SRKEQSQDSPLLNPNEG
3W9I,D,distal,14,8,6,0,0,0,2.63,76,98.7,FVFIAYFFVFFMFM
3W9I,D,proximal,17,0,5,7,5,-1,-1.84,64,67.2,SRKEQSQDSPLLNPNEG
3W9I,E,distal,14,8,6,0,0,0,2.63,76,98.7,FVFIAYFFVFFMFM
3W9I,E,proximal,17,0,5,7,5,-1,-1.84,64,67.2,SRKEQSQDSPLLNPNEG
3W9I,F,distal,14,8,6,0,0,0,2.63,76,98.7,FVFIAYFFVFFMFM
3W9I,F,proximal,17,0,5,7,5,-1,-1.84,64,67.2,SRKEQSQDSPLLNPNEG
3W9J,A,distal,14,8,6,0,0,0,2.63,76,98.7,FVFIAYFFVFFMFM
3W9J,A,proximal,17,0,5,7,5,-1,-1.84,64,67.2,SRKEQSQDSPLLNPNEG
3W9J,B,distal,14,8,6,0,0,0,2.63,76,98.7,FVFIAYFFVFFMFM
3W9J,B,proximal,17,0,5,7,5,-1,-1.84,64,67.2,SRKEQSQDSPLLNPNEG
3W9J,C,distal,14,8,6,0,0,0,2.63,76,98.7,FVFIAYFFVFFMFM
3W9J,C,proximal,17,0,5,7,5,-1,-1.84,64,67.2,SRKEQSQDSPLLNPNEG
3W9J,D,distal,14,8,6,0,0,0,2.63,76,98.7,FVFIAYFFVFFMFM
3W9J,D,proximal,17,0,5,7,5,-1,-1.84,64,67.2,SRKEQSQDSPLLNPNEG
3W9J,E,distal,14,8,6,0,0,0,2.63,76,98.7,FVFIAYFFVFFMFM
3W9J,E,proximal,17,0,5,7,5,-1,-1.84,64,67.2,SRKEQSQDSPLLNPNEG
3W9J,F,distal,14,8,6,0,0,0,2.63,76,98.7,FVFIAYFFVFFMFM
3W9J,F,proximal,17,0,5,7,5,-1,-1.84,64,67.2,SRKEQSQDSPLLNPNEG
6IIA,A,distal,14,8,6,0,0,0,2.63,76,98.7,FVFIAYFFVFFMFM
6IIA,A,proximal,17,0,5,7,5,-1,-1.84,64,67.2,SRKEQSQDSPLLNPNEG
6IIA,B,distal,14,8,6,0,0,0,2.63,76,98.7,FVFIAYFFVFFMFM
6IIA,B,proximal,17,0,5,7,5,-1,-1.84,64,67.2,SRKEQSQDSPLLNPNEG
6IIA,C,distal,14,8,6,0,0,0,2.63,76,98.7,FVFIAYFFVFFMFM
6IIA,C,proximal,17,0,5,7,5,-1,-1.84,64,67.2,SRKEQSQDSPLLNPNEG
6IIA,D,distal,14,8,6,0,0,0,2.63,76,98.7,FVFIAYFFVFFMFM
6IIA,D,proximal,17,0,5,7,5,-1,-1.84,64,67.2,SRKEQSQDSPLLNPNEG
6IIA,E,distal,14,8,6,0,0,0,2.63,76,98.7,FVFIAYFFVFFMFM
6IIA,E,proximal,17,0,5,7,5,-1,-1.84,64,67.2,SRKEQSQDSPLLNPNEG
6IIA,F,distal,14,8,6,0,0,0,2.63,76,98.7,FVFIAYFFVFFMFM
6IIA,F,proximal,17,0,5,7,5,-1,-1.84,64,67.2,SRKEQSQDSPLLNPNEG
6IOK,E,distal,14,8,6,0,0,0,2.63,76,98.7,FVFIAYFFVFFMFM
6IOK,E,proximal,17,0,5,7,5,-1,-1.84,64,67.2,SRKEQSQDSPLLNPNEG
6IOK,F,distal,14,8,6,0,0,0,2.63,76,98.7,FVFIAYFFVFFMFM
6IOK,F,proximal,17,0,5,7,5,-1,-1.84,64,67.2,SRKEQSQDSPLLNPNEG
6IOK,G,distal,14,8,6,0,0,0,2.63,76,98.7,FVFIAYFFVFFMFM
6IOK,G,proximal,17,0,5,7,5,-1,-1.84,64,67.2,SRKEQSQDSPLLNPNEG
6IOL,E,distal,14,8,6,0,0,0,2.63,76,98.7,FVFIAYFFVFFMFM
6IOL,E,proximal,17,0,5,7,5,-1,-1.84,64,67.2,SRKEQSQDSPLLNPNEG
6IOL,F,distal,14,8,6,0,0,0,2.63,76,98.7,FVFIAYFFVFFMFM
6IOL,F,proximal,17,0,5,7,5,-1,-1.84,64,67.2,SRKEQSQDSPLLNPNEG
6IOL,G,distal,14,8,6,0,0,0,2.63,76,98.7,FVFIAYFFVFFMFM
6IOL,G,proximal,17,0,5,7,5,-1,-1.84,64,67.2,SRKEQSQDSPLLNPNEG
6T7S,J,distal,14,8,6,0,0,0,2.63,76,98.7,FVFIAYFFVFFMFM
6T7S,J,proximal,17,0,5,7,5,-1,-1.84,64,67.2,SRKEQSQDSPLLNPNEG
6T7S,K,distal,14,8,6,0,0,0,2.63,76,98.7,FVFIAYFFVFFMFM
6T7S,K,proximal,17,0,5,7,5,-1,-1.84,64,67.2,SRKEQSQDSPLLNPNEG
6T7S,L,distal,14,8,6,0,0,0,2.63,76,98.7,FVFIAYFFVFFMFM
6T7S,L,proximal,17,0,5,7,5,-1,-1.84,64,67.2,SRKEQSQDSPLLNPNEG
6TA6,J,distal,14,8,6,0,0,0,2.63,76,98.7,FVFIAYFFVFFMFM
6TA6,J,proximal,17,0,5,7,5,-1,-1.84,64,67.2,SRKEQSQDSPLLNPNEG
6TA6,K,distal,14,8,6,0,0,0,2.63,76,98.7,FVFIAYFFVFFMFM
6TA6,K,proximal,17,0,5,7,5,-1,-1.84,64,67.2,SRKEQSQDSPLLNPNEG
6TA6,L,distal,14,8,6,0,0,0,2.63,76,98.7,FVFIAYFFVFFMFM
6TA6,L,proximal,17,0,5,7,5,-1,-1.84,64,67.2,SRKEQSQDSPLLNPNEG
