structure,chain,pocket,n_res,n_sidechain_atoms,n_apolar_C,n_polar_NOS,pct_apolar,mean_KD,n_aromatic_res
Amp_MexB_20260826,D,PBP,17,64,43,21,67.2,-1.84,0
Amp_MexB_20260826,D,DBP,14,76,73,3,96.1,2.63,8
Amp_MexB_20260826,E,PBP,17,64,43,21,67.2,-1.84,0
Amp_MexB_20260826,E,DBP,14,76,73,3,96.1,2.63,8
Amp_MexB_20260826,F,PBP,17,64,43,21,67.2,-1.84,0
Amp_MexB_20260826,F,DBP,14,76,73,3,96.1,2.63,8
MexB_DDM_3_20260730,D,PBP,17,64,43,21,67.2,-1.84,0
MexB_DDM_3_20260730,D,DBP,14,76,73,3,96.1,2.63,8
MexB_DDM_3_20260730,E,PBP,17,64,43,21,67.2,-1.84,0
MexB_DDM_3_20260730,E,DBP,14,76,73,3,96.1,2.63,8
MexB_DDM_3_20260730,F,PBP,17,64,43,21,67.2,-1.84,0
MexB_DDM_3_20260730,F,DBP,14,76,73,3,96.1,2.63,8
