structure,chain,res1,res2,min_dist_A,note
Amp_MexB_20260826,D,ASP407,ASP408,4.46,
Amp_MexB_20260826,D,ASP407,LYS939,2.71,
Amp_MexB_20260826,D,ASP407,ARG971,12.58,
Amp_MexB_20260826,D,ASP407,THR976,3.42,
Amp_MexB_20260826,D,ASP408,LYS939,2.70,
Amp_MexB_20260826,D,ASP408,ARG971,17.37,
Amp_MexB_20260826,D,ASP408,THR976,9.15,
Amp_MexB_20260826,D,LYS939,ARG971,17.05,
Amp_MexB_20260826,D,LYS939,THR976,7.69,
Amp_MexB_20260826,D,ARG971,THR976,10.88,
Amp_MexB_20260826,E,ASP407,ASP408,8.72,
Amp_MexB_20260826,E,ASP407,LYS939,3.30,
Amp_MexB_20260826,E,ASP407,ARG971,12.75,
Amp_MexB_20260826,E,ASP407,THR976,3.91,
Amp_MexB_20260826,E,ASP408,LYS939,6.40,
Amp_MexB_20260826,E,ASP408,ARG971,16.90,
Amp_MexB_20260826,E,ASP408,THR976,11.58,
Amp_MexB_20260826,E,LYS939,ARG971,16.56,
Amp_MexB_20260826,E,LYS939,THR976,8.28,
Amp_MexB_20260826,E,ARG971,THR976,11.23,
Amp_MexB_20260826,F,ASP407,ASP408,5.06,
Amp_MexB_20260826,F,ASP407,LYS939,2.82,
Amp_MexB_20260826,F,ASP407,ARG971,15.63,
Amp_MexB_20260826,F,ASP407,THR976,5.76,
Amp_MexB_20260826,F,ASP408,LYS939,5.05,
Amp_MexB_20260826,F,ASP408,ARG971,16.87,
Amp_MexB_20260826,F,ASP408,THR976,7.58,
Amp_MexB_20260826,F,LYS939,ARG971,16.02,
Amp_MexB_20260826,F,LYS939,THR976,4.81,
Amp_MexB_20260826,F,ARG971,THR976,11.45,
MexB_DDM_3_20260730,D,ASP407,ASP408,4.07,
MexB_DDM_3_20260730,D,ASP407,LYS939,2.76,
MexB_DDM_3_20260730,D,ASP407,ARG971,13.39,
MexB_DDM_3_20260730,D,ASP407,THR976,3.71,
MexB_DDM_3_20260730,D,ASP408,LYS939,2.70,
MexB_DDM_3_20260730,D,ASP408,ARG971,16.63,
MexB_DDM_3_20260730,D,ASP408,THR976,8.65,
MexB_DDM_3_20260730,D,LYS939,ARG971,16.14,
MexB_DDM_3_20260730,D,LYS939,THR976,6.97,
MexB_DDM_3_20260730,D,ARG971,THR976,10.62,
MexB_DDM_3_20260730,E,ASP407,ASP408,6.58,
MexB_DDM_3_20260730,E,ASP407,LYS939,2.70,
MexB_DDM_3_20260730,E,ASP407,ARG971,12.81,
MexB_DDM_3_20260730,E,ASP407,THR976,3.66,
MexB_DDM_3_20260730,E,ASP408,LYS939,6.10,
MexB_DDM_3_20260730,E,ASP408,ARG971,16.09,
MexB_DDM_3_20260730,E,ASP408,THR976,9.89,
MexB_DDM_3_20260730,E,LYS939,ARG971,15.84,
MexB_DDM_3_20260730,E,LYS939,THR976,8.43,
MexB_DDM_3_20260730,E,ARG971,THR976,11.09,
MexB_DDM_3_20260730,F,ASP407,ASP408,6.81,
MexB_DDM_3_20260730,F,ASP407,LYS939,4.24,
MexB_DDM_3_20260730,F,ASP407,ARG971,13.99,
MexB_DDM_3_20260730,F,ASP407,THR976,4.60,
MexB_DDM_3_20260730,F,ASP408,LYS939,9.26,
MexB_DDM_3_20260730,F,ASP408,ARG971,16.74,
MexB_DDM_3_20260730,F,ASP408,THR976,8.88,
MexB_DDM_3_20260730,F,LYS939,ARG971,14.10,
MexB_DDM_3_20260730,F,LYS939,THR976,2.85,
MexB_DDM_3_20260730,F,ARG971,THR976,11.46,
