pdb,description,chain,ligands,n_ligands,ligand_heavy_atoms,depth_from_entrance_A,shallowest_atom_depth_A,deepest_atom_depth_A,offset_from_channel_A,axial_PBP_to_DBP_A,fit_rmsd_A,n_lining_CA,volume_r14_A3,volume_r16_A3,volume_r18_A3,volume_r20_A3
Amp_MexB_20260826,"ampicillin (2.19 A, this work)",E,ZZ7,1,25,62.80,52.66,62.80,0.43,5.28,0.00,39,1452,1850,2902,4282
MexB_DDM_3_20260730,"DDM x3 (2.11 A, this work)",E,LMT,3,105,52.38,28.36,62.80,1.51,1.47,0.60,39,1649,2068,2875,4104
21FO,CYMAL-7 (2.30 A),B,CA7,1,36,33.53,28.65,55.91,6.41,4.91,0.79,39,1627,2037,2997,4344
21FP,chloramphenicol (2.89 A),B,CLM,1,20,62.13,61.63,62.53,7.75,-0.06,1.08,39,1723,2132,3002,4284
2V50,DDM x1 (3.00 A),B,LMT,1,35,61.63,48.20,62.80,5.28,-0.01,1.19,39,1571,1953,2677,3695
3W9I,DDM x1 (2.71 A),B,LMT,1,35,62.13,55.91,62.80,5.29,1.98,0.83,39,1791,2209,3081,4198
3W9J,pyridopyrimidine EPI (3.15 A),B,P9D,1,49,58.69,55.60,62.80,2.04,5.79,0.70,39,1479,1868,2709,3862
6IIA,LMNG (2.91 A),B,AV0,1,69,52.80,43.62,62.13,2.32,1.96,0.79,39,1566,2008,2953,4218
6T7S,apo (4.50 A),J,apo,0,0,,,,,,1.30,39,1031,1497,2148,3163
