structure,fit_frame,chain_A,chain_B,domain,n_res,rmsd_before_A,rmsd_after_A,rotation_deg,axis,centroid_shift_A,shift_along_axis_A
Amp_MexB_20260826,TM_trimmed,D,E,porter,363,4.20,2.03,6.65,"-0.384,-0.923,0.030",3.04,1.89
Amp_MexB_20260826,TM_trimmed,D,E,docking,192,6.41,1.38,5.38,"-0.088,0.602,0.793",6.10,-1.96
Amp_MexB_20260826,TM_trimmed,D,E,TM,389,1.20,1.20,0.00,"0.252,-0.004,0.968",0.00,-0.00
Amp_MexB_20260826,TM_trimmed,D,F,porter,362,6.74,3.19,15.89,"0.209,-0.697,0.686",2.33,-0.39
Amp_MexB_20260826,TM_trimmed,D,F,docking,193,7.60,1.52,8.44,"0.217,-0.620,0.754",7.00,-0.14
Amp_MexB_20260826,TM_trimmed,D,F,TM,390,1.97,1.97,0.00,"0.087,-0.683,0.725",0.00,-0.00
Amp_MexB_20260826,TM_trimmed,E,F,porter,362,6.00,3.32,13.95,"-0.004,-0.412,0.911",1.07,-0.78
Amp_MexB_20260826,TM_trimmed,E,F,docking,192,3.41,1.94,4.71,"-0.384,-0.696,0.607",2.29,-0.58
Amp_MexB_20260826,TM_trimmed,E,F,TM,389,2.17,2.17,0.00,"-0.314,-0.565,0.763",0.00,0.00
Amp_MexB_20260826,porter,D,E,porter,363,2.03,2.03,0.00,"0.262,0.002,0.965",0.00,0.00
Amp_MexB_20260826,porter,D,E,docking,192,2.50,1.38,6.12,"-0.532,-0.457,0.713",0.69,-0.05
Amp_MexB_20260826,porter,D,E,TM,389,4.43,1.20,6.65,"-0.384,-0.923,0.030",3.80,-1.89
Amp_MexB_20260826,porter,D,F,porter,362,3.19,3.19,0.00,"0.033,-0.341,0.940",0.00,0.00
Amp_MexB_20260826,porter,D,F,docking,193,4.28,1.52,7.55,"0.183,-0.775,0.605",3.33,0.62
Amp_MexB_20260826,porter,D,F,TM,390,8.43,1.97,15.89,"0.209,-0.697,0.686",6.83,0.39
Amp_MexB_20260826,porter,E,F,porter,362,3.32,3.32,0.00,"0.030,-0.999,-0.024",0.00,-0.00
Amp_MexB_20260826,porter,E,F,docking,192,5.24,1.94,10.31,"0.190,-0.260,0.947",3.57,-0.19
Amp_MexB_20260826,porter,E,F,TM,389,5.86,2.17,13.95,"-0.004,-0.412,0.911",3.95,0.78
MexB_DDM_3_20260730,TM_trimmed,D,E,porter,363,4.83,2.20,8.85,"0.083,0.848,0.524",3.30,-1.72
MexB_DDM_3_20260730,TM_trimmed,D,E,docking,192,6.12,0.73,2.78,"-0.424,-0.904,0.052",6.04,2.91
MexB_DDM_3_20260730,TM_trimmed,D,E,TM,389,1.70,1.70,0.00,"-0.441,-0.618,0.650",0.00,-0.00
MexB_DDM_3_20260730,TM_trimmed,D,F,porter,362,6.25,2.32,15.36,"0.578,0.534,0.617",2.83,0.14
MexB_DDM_3_20260730,TM_trimmed,D,F,docking,193,7.56,0.60,7.45,"0.624,0.480,0.617",7.29,0.37
MexB_DDM_3_20260730,TM_trimmed,D,F,TM,390,1.54,1.54,0.00,"-0.250,-0.091,0.964",0.00,0.00
MexB_DDM_3_20260730,TM_trimmed,E,F,porter,362,6.35,3.03,15.74,"0.181,0.307,0.934",1.07,0.75
MexB_DDM_3_20260730,TM_trimmed,E,F,docking,192,3.18,0.65,6.00,"0.322,0.566,0.759",2.56,1.56
MexB_DDM_3_20260730,TM_trimmed,E,F,TM,389,1.54,1.54,0.00,"0.043,0.027,0.999",0.00,-0.00
MexB_DDM_3_20260730,porter,D,E,porter,363,2.20,2.20,0.00,"0.105,0.292,0.951",0.00,-0.00
MexB_DDM_3_20260730,porter,D,E,docking,192,2.20,0.73,6.92,"-0.080,0.727,0.682",0.38,-0.13
MexB_DDM_3_20260730,porter,D,E,TM,389,4.57,1.70,8.85,"0.083,0.848,0.524",3.52,1.72
MexB_DDM_3_20260730,porter,D,F,porter,362,2.32,2.32,0.00,"0.015,0.501,0.865",0.00,-0.00
MexB_DDM_3_20260730,porter,D,F,docking,193,4.55,0.60,7.95,"0.529,0.577,0.622",3.97,-0.02
MexB_DDM_3_20260730,porter,D,F,TM,390,8.68,1.54,15.36,"0.578,0.534,0.617",7.32,-0.14
MexB_DDM_3_20260730,porter,E,F,porter,362,3.03,3.03,0.00,"1.000,0.000,0.000",0.00,0.00
MexB_DDM_3_20260730,porter,E,F,docking,192,5.51,0.65,10.29,"0.113,0.127,0.985",4.34,1.01
MexB_DDM_3_20260730,porter,E,F,TM,389,6.30,1.54,15.74,"0.181,0.307,0.934",4.39,-0.75
