structure,mode,chain,seed,tunnel_rank,seed_origin,seed_clearance_A,bottleneck_radius_A,bottleneck_radius_grid_only_A,geodesic_path_length_A,narrowest_point_xyz,constriction_lining_clearance_A,channel_call,assignment_confidence,exit_height_along_axis_A,chains_lining_path,note
Amp_MexB_20260826,protein,D,site,1,transferred DBP/PBP midpoint,1.22,1.22,1.22,114.0,"189.91,155.74,154.20",PHE617D:1.22;PHE136D:1.25;PHE615D:1.64,CH1 (PC1/PC2 periplasmic cleft),tentative,65.7,D/E,
Amp_MexB_20260826,protein,E,ZZ72000,1,ligand centroid,2.64,2.21,1.93,62.8,"145.52,142.74,155.38",ASN676E:2.21;ASN718E:2.21;LEU827E:2.25;ALA677E:2.83;PHE617E:3.38,CH1 (PC1/PC2 periplasmic cleft),tentative,4.3,E,
Amp_MexB_20260826,protein,E,ZZ72000,2,ligand centroid,2.64,1.72,1.48,71.0,"144.57,137.03,159.68",THR678E:1.72;ARG716E:1.72;GLU829E:1.76;ALA677E:2.15;GLY828E:2.51;LEU827E:2.97,CH1 (PC1/PC2 periplasmic cleft),tentative,2.4,E,
Amp_MexB_20260826,protein,E,ZZ72000,3,ligand centroid,2.64,1.69,1.44,34.1,"141.25,154.27,162.62",TYR327E:1.69;LYS134E:1.70;LEU672E:1.80;PHE136E:2.44;ASN135E:2.51,CH3 (PN1/PN2 groove),tentative,0.1,E,
Amp_MexB_20260826,protein,F,site,1,transferred DBP/PBP midpoint,1.75,1.75,1.67,92.7,"168.91,197.14,160.20",PHE615F:1.75;MET626F:1.79;PHE136F:1.87;PHE178F:2.22;ASN616F:3.17;PHE617F:3.24,CH1 (PC1/PC2 periplasmic cleft),tentative,41.2,E/F,
Amp_MexB_20260826,withlig,D,site,1,transferred DBP/PBP midpoint,1.22,1.22,1.22,114.0,"189.91,155.74,154.20",PHE617D:1.22;PHE136D:1.25;PHE615D:1.64,CH1 (PC1/PC2 periplasmic cleft),tentative,65.7,D/E,
Amp_MexB_20260826,withlig,E,ZZ72000,1,ligand centroid,1.35,1.26,1.06,47.4,"142.35,158.79,152.08",ZZ72000E:1.26;PHE178E:1.26;GLN176E:1.27,CH3 (PN1/PN2 groove),tentative,4.6,E,
Amp_MexB_20260826,withlig,F,site,1,transferred DBP/PBP midpoint,1.75,1.75,1.67,92.7,"168.91,197.14,160.20",PHE615F:1.75;MET626F:1.79;PHE136F:1.87;PHE178F:2.22;ASN616F:3.17;PHE617F:3.24,CH1 (PC1/PC2 periplasmic cleft),tentative,41.2,E/F,
MexB_DDM_3_20260730,protein,D,site,1,transferred DBP/PBP midpoint,1.21,1.21,1.21,59.2,"187.19,207.77,232.59",PHE615D:1.21;PHE617D:1.46;PHE136D:1.91,CH1 (PC1/PC2 periplasmic cleft),tentative,11.4,D,
MexB_DDM_3_20260730,protein,E,LMT2001,1,ligand centroid,3.41,2.43,2.17,62.0,"230.49,182.09,227.48",ARG716E:2.43;ASN676E:2.45;PHE666E:2.52;PHE664E:3.68,CH1 (PC1/PC2 periplasmic cleft),tentative,-4.5,E,
MexB_DDM_3_20260730,protein,E,LMT2001,2,ligand centroid,3.41,1.81,1.62,69.1,"234.16,196.50,222.59",TYR327E:1.81;LEU672E:1.82;PHE136E:1.84;LYS134E:1.88;ASN135E:2.04,CH3 (PN1/PN2 groove),tentative,-6.1,E,
MexB_DDM_3_20260730,protein,E,LMT2001,3,ligand centroid,3.41,1.79,1.56,62.9,"226.92,207.66,230.09",THR130E:1.79;ASP174E:1.79;LYS131E:3.22,CH3 (PN1/PN2 groove),tentative,-5.6,E/F,
MexB_DDM_3_20260730,protein,E,LMT2002,1,ligand centroid,1.37,1.37,1.37,45.2,"230.39,187.97,228.99",PHE617E:1.37,CH1 (PC1/PC2 periplasmic cleft),tentative,-6.7,E,
MexB_DDM_3_20260730,protein,E,LMT2003,1,ligand centroid,2.28,2.28,2.17,51.9,"228.59,195.77,235.59",PHE615E:2.28;GLN46E:2.83;ARG620E:3.34;THR89E:3.77,unassigned,uncertain - no dominant lining group,-4.5,E,
MexB_DDM_3_20260730,protein,F,site,1,transferred DBP/PBP midpoint,1.27,1.27,1.27,96.2,"218.39,240.17,230.19",PHE615F:1.27;PHE617F:1.30;PHE136F:2.45;ASN616F:2.49,CH1 (PC1/PC2 periplasmic cleft),tentative,-3.6,D/F,
MexB_DDM_3_20260730,withlig,D,site,1,transferred DBP/PBP midpoint,1.21,1.21,1.21,59.2,"187.19,207.77,232.59",PHE615D:1.21;PHE617D:1.46;PHE136D:1.91,CH1 (PC1/PC2 periplasmic cleft),tentative,11.4,D,
MexB_DDM_3_20260730,withlig,E,LMT2001,1,ligand centroid,1.42,1.42,1.34,53.4,"231.59,202.97,236.19",LMT2003E:1.42;LMT2001E:1.44;GLN176E:2.07;VAL177E:2.27,CH3 (PN1/PN2 groove),tentative,-5.6,E/F,
MexB_DDM_3_20260730,withlig,E,LMT2002,1,ligand centroid,1.33,1.33,1.33,50.7,"231.59,185.57,225.99",LMT2002E:1.33;PHE666E:1.43;PRO669E:2.17;GLY675E:2.69;ASN676E:2.78,unassigned,uncertain - no dominant lining group,-9.1,E,
MexB_DDM_3_20260730,withlig,E,LMT2003,1,ligand centroid,1.21,1.21,1.11,82.8,"230.39,195.77,236.79",LMT2003E:1.21;PHE615E:1.44;LMT2001E:1.47;ARG620E:2.43,CH1 (PC1/PC2 periplasmic cleft),tentative,-6.7,E,
MexB_DDM_3_20260730,withlig,F,site,1,transferred DBP/PBP midpoint,1.27,1.27,1.27,96.2,"218.39,240.17,230.19",PHE615F:1.27;PHE617F:1.30;PHE136F:2.45;ASN616F:2.49,CH1 (PC1/PC2 periplasmic cleft),tentative,-3.6,D/F,
